PRAGMA foreign_keys=OFF;
BEGIN TRANSACTION;
CREATE TABLE IF NOT EXISTS "django_migrations" ("id" integer NOT NULL PRIMARY KEY AUTOINCREMENT, "app" varchar(255) NOT NULL, "name" varchar(255) NOT NULL, "applied" datetime NOT NULL);
INSERT INTO django_migrations VALUES(1,'contenttypes','0001_initial','2019-10-23 16:25:57.528161');
INSERT INTO django_migrations VALUES(2,'contenttypes','0002_remove_content_type_name','2019-10-23 16:25:57.657050');
INSERT INTO django_migrations VALUES(3,'auth','0001_initial','2019-10-23 16:25:57.777806');
INSERT INTO django_migrations VALUES(4,'auth','0002_alter_permission_name_max_length','2019-10-23 16:25:57.893671');
INSERT INTO django_migrations VALUES(5,'auth','0003_alter_user_email_max_length','2019-10-23 16:25:58.000075');
INSERT INTO django_migrations VALUES(6,'auth','0004_alter_user_username_opts','2019-10-23 16:25:58.109033');
INSERT INTO django_migrations VALUES(7,'auth','0005_alter_user_last_login_null','2019-10-23 16:25:58.234292');
INSERT INTO django_migrations VALUES(8,'auth','0006_require_contenttypes_0002','2019-10-23 16:25:58.310176');
INSERT INTO django_migrations VALUES(9,'auth','0007_alter_validators_add_error_messages','2019-10-23 16:25:58.389673');
INSERT INTO django_migrations VALUES(10,'auth','0008_alter_user_username_max_length','2019-10-23 16:25:58.494804');
INSERT INTO django_migrations VALUES(11,'auth','0009_alter_user_last_name_max_length','2019-10-23 16:25:58.593481');
INSERT INTO django_migrations VALUES(12,'info','0001_initial','2019-10-23 16:25:58.992435');
INSERT INTO django_migrations VALUES(13,'admin','0001_initial','2019-10-23 16:25:59.204380');
INSERT INTO django_migrations VALUES(14,'admin','0002_logentry_remove_auto_add','2019-10-23 16:25:59.400912');
INSERT INTO django_migrations VALUES(15,'admin','0003_logentry_add_action_flag_choices','2019-10-23 16:25:59.553011');
INSERT INTO django_migrations VALUES(16,'auth','0010_alter_group_name_max_length','2019-10-23 16:25:59.695975');
INSERT INTO django_migrations VALUES(17,'auth','0011_update_proxy_permissions','2019-10-23 16:25:59.887888');
INSERT INTO django_migrations VALUES(18,'info','0002_auto_20181109_1947','2019-10-23 16:26:00.024364');
INSERT INTO django_migrations VALUES(19,'info','0003_auto_20181109_2003','2019-10-23 16:26:00.181071');
INSERT INTO django_migrations VALUES(20,'info','0004_auto_20181109_2013','2019-10-23 16:26:00.416763');
INSERT INTO django_migrations VALUES(21,'info','0005_auto_20181109_2024','2019-10-23 16:26:00.540322');
INSERT INTO django_migrations VALUES(22,'info','0006_teacher_user','2019-10-23 16:26:00.814271');
INSERT INTO django_migrations VALUES(23,'info','0007_auto_20181109_2238','2019-10-23 16:26:00.991098');
INSERT INTO django_migrations VALUES(24,'info','0008_auto_20181111_1107','2019-10-23 16:26:01.141791');
INSERT INTO django_migrations VALUES(25,'info','0009_auto_20181111_1112','2019-10-23 16:26:01.288992');
INSERT INTO django_migrations VALUES(26,'info','0010_auto_20181111_1218','2019-10-23 16:26:01.454157');
INSERT INTO django_migrations VALUES(27,'info','0011_auto_20181111_2017','2019-10-23 16:26:01.591837');
INSERT INTO django_migrations VALUES(28,'info','0012_auto_20181111_2018','2019-10-23 16:26:01.710973');
INSERT INTO django_migrations VALUES(29,'info','0013_auto_20181112_1846','2019-10-23 16:26:01.824852');
INSERT INTO django_migrations VALUES(30,'sessions','0001_initial','2019-10-23 16:26:01.916123');
CREATE TABLE IF NOT EXISTS "django_content_type" ("id" integer NOT NULL PRIMARY KEY AUTOINCREMENT, "app_label" varchar(100) NOT NULL, "model" varchar(100) NOT NULL);
INSERT INTO django_content_type VALUES(1,'info','user');
INSERT INTO django_content_type VALUES(2,'info','assign');
INSERT INTO django_content_type VALUES(3,'info','assigntime');
INSERT INTO django_content_type VALUES(4,'info','attendance');
INSERT INTO django_content_type VALUES(5,'info','attendanceclass');
INSERT INTO django_content_type VALUES(6,'info','attendancetotal');
INSERT INTO django_content_type VALUES(7,'info','class');
INSERT INTO django_content_type VALUES(8,'info','course');
INSERT INTO django_content_type VALUES(9,'info','dept');
INSERT INTO django_content_type VALUES(10,'info','marks');
INSERT INTO django_content_type VALUES(11,'info','marksclass');
INSERT INTO django_content_type VALUES(12,'info','student');
INSERT INTO django_content_type VALUES(13,'info','studentcourse');
INSERT INTO django_content_type VALUES(14,'info','teacher');
INSERT INTO django_content_type VALUES(15,'admin','logentry');
INSERT INTO django_content_type VALUES(16,'auth','permission');
INSERT INTO django_content_type VALUES(17,'auth','group');
INSERT INTO django_content_type VALUES(18,'contenttypes','contenttype');
INSERT INTO django_content_type VALUES(19,'sessions','session');
CREATE TABLE IF NOT EXISTS "auth_group_permissions" ("id" integer NOT NULL PRIMARY KEY AUTOINCREMENT, "group_id" integer NOT NULL REFERENCES "auth_group" ("id") DEFERRABLE INITIALLY DEFERRED, "permission_id" integer NOT NULL REFERENCES "auth_permission" ("id") DEFERRABLE INITIALLY DEFERRED);
CREATE TABLE IF NOT EXISTS "auth_permission" ("id" integer NOT NULL PRIMARY KEY AUTOINCREMENT, "content_type_id" integer NOT NULL REFERENCES "django_content_type" ("id") DEFERRABLE INITIALLY DEFERRED, "codename" varchar(100) NOT NULL, "name" varchar(255) NOT NULL);
INSERT INTO auth_permission VALUES(1,1,'add_user','Can add user');
INSERT INTO auth_permission VALUES(2,1,'change_user','Can change user');
INSERT INTO auth_permission VALUES(3,1,'delete_user','Can delete user');
INSERT INTO auth_permission VALUES(4,1,'view_user','Can view user');
INSERT INTO auth_permission VALUES(5,2,'add_assign','Can add assign');
INSERT INTO auth_permission VALUES(6,2,'change_assign','Can change assign');
INSERT INTO auth_permission VALUES(7,2,'delete_assign','Can delete assign');
INSERT INTO auth_permission VALUES(8,2,'view_assign','Can view assign');
INSERT INTO auth_permission VALUES(9,3,'add_assigntime','Can add assign time');
INSERT INTO auth_permission VALUES(10,3,'change_assigntime','Can change assign time');
INSERT INTO auth_permission VALUES(11,3,'delete_assigntime','Can delete assign time');
INSERT INTO auth_permission VALUES(12,3,'view_assigntime','Can view assign time');
INSERT INTO auth_permission VALUES(13,4,'add_attendance','Can add attendance');
INSERT INTO auth_permission VALUES(14,4,'change_attendance','Can change attendance');
INSERT INTO auth_permission VALUES(15,4,'delete_attendance','Can delete attendance');
INSERT INTO auth_permission VALUES(16,4,'view_attendance','Can view attendance');
INSERT INTO auth_permission VALUES(17,5,'add_attendanceclass','Can add attendance class');
INSERT INTO auth_permission VALUES(18,5,'change_attendanceclass','Can change attendance class');
INSERT INTO auth_permission VALUES(19,5,'delete_attendanceclass','Can delete attendance class');
INSERT INTO auth_permission VALUES(20,5,'view_attendanceclass','Can view attendance class');
INSERT INTO auth_permission VALUES(21,6,'add_attendancetotal','Can add attendance total');
INSERT INTO auth_permission VALUES(22,6,'change_attendancetotal','Can change attendance total');
INSERT INTO auth_permission VALUES(23,6,'delete_attendancetotal','Can delete attendance total');
INSERT INTO auth_permission VALUES(24,6,'view_attendancetotal','Can view attendance total');
INSERT INTO auth_permission VALUES(25,7,'add_class','Can add class');
INSERT INTO auth_permission VALUES(26,7,'change_class','Can change class');
INSERT INTO auth_permission VALUES(27,7,'delete_class','Can delete class');
INSERT INTO auth_permission VALUES(28,7,'view_class','Can view class');
INSERT INTO auth_permission VALUES(29,8,'add_course','Can add course');
INSERT INTO auth_permission VALUES(30,8,'change_course','Can change course');
INSERT INTO auth_permission VALUES(31,8,'delete_course','Can delete course');
INSERT INTO auth_permission VALUES(32,8,'view_course','Can view course');
INSERT INTO auth_permission VALUES(33,9,'add_dept','Can add dept');
INSERT INTO auth_permission VALUES(34,9,'change_dept','Can change dept');
INSERT INTO auth_permission VALUES(35,9,'delete_dept','Can delete dept');
INSERT INTO auth_permission VALUES(36,9,'view_dept','Can view dept');
INSERT INTO auth_permission VALUES(37,10,'add_marks','Can add marks');
INSERT INTO auth_permission VALUES(38,10,'change_marks','Can change marks');
INSERT INTO auth_permission VALUES(39,10,'delete_marks','Can delete marks');
INSERT INTO auth_permission VALUES(40,10,'view_marks','Can view marks');
INSERT INTO auth_permission VALUES(41,11,'add_marksclass','Can add marks class');
INSERT INTO auth_permission VALUES(42,11,'change_marksclass','Can change marks class');
INSERT INTO auth_permission VALUES(43,11,'delete_marksclass','Can delete marks class');
INSERT INTO auth_permission VALUES(44,11,'view_marksclass','Can view marks class');
INSERT INTO auth_permission VALUES(45,12,'add_student','Can add student');
INSERT INTO auth_permission VALUES(46,12,'change_student','Can change student');
INSERT INTO auth_permission VALUES(47,12,'delete_student','Can delete student');
INSERT INTO auth_permission VALUES(48,12,'view_student','Can view student');
INSERT INTO auth_permission VALUES(49,13,'add_studentcourse','Can add student course');
INSERT INTO auth_permission VALUES(50,13,'change_studentcourse','Can change student course');
INSERT INTO auth_permission VALUES(51,13,'delete_studentcourse','Can delete student course');
INSERT INTO auth_permission VALUES(52,13,'view_studentcourse','Can view student course');
INSERT INTO auth_permission VALUES(53,14,'add_teacher','Can add teacher');
INSERT INTO auth_permission VALUES(54,14,'change_teacher','Can change teacher');
INSERT INTO auth_permission VALUES(55,14,'delete_teacher','Can delete teacher');
INSERT INTO auth_permission VALUES(56,14,'view_teacher','Can view teacher');
INSERT INTO auth_permission VALUES(57,15,'add_logentry','Can add log entry');
INSERT INTO auth_permission VALUES(58,15,'change_logentry','Can change log entry');
INSERT INTO auth_permission VALUES(59,15,'delete_logentry','Can delete log entry');
INSERT INTO auth_permission VALUES(60,15,'view_logentry','Can view log entry');
INSERT INTO auth_permission VALUES(61,16,'add_permission','Can add permission');
INSERT INTO auth_permission VALUES(62,16,'change_permission','Can change permission');
INSERT INTO auth_permission VALUES(63,16,'delete_permission','Can delete permission');
INSERT INTO auth_permission VALUES(64,16,'view_permission','Can view permission');
INSERT INTO auth_permission VALUES(65,17,'add_group','Can add group');
INSERT INTO auth_permission VALUES(66,17,'change_group','Can change group');
INSERT INTO auth_permission VALUES(67,17,'delete_group','Can delete group');
INSERT INTO auth_permission VALUES(68,17,'view_group','Can view group');
INSERT INTO auth_permission VALUES(69,18,'add_contenttype','Can add content type');
INSERT INTO auth_permission VALUES(70,18,'change_contenttype','Can change content type');
INSERT INTO auth_permission VALUES(71,18,'delete_contenttype','Can delete content type');
INSERT INTO auth_permission VALUES(72,18,'view_contenttype','Can view content type');
INSERT INTO auth_permission VALUES(73,19,'add_session','Can add session');
INSERT INTO auth_permission VALUES(74,19,'change_session','Can change session');
INSERT INTO auth_permission VALUES(75,19,'delete_session','Can delete session');
INSERT INTO auth_permission VALUES(76,19,'view_session','Can view session');
CREATE TABLE IF NOT EXISTS "info_user" ("id" integer NOT NULL PRIMARY KEY AUTOINCREMENT, "password" varchar(128) NOT NULL, "last_login" datetime NULL, "is_superuser" bool NOT NULL, "username" varchar(150) NOT NULL UNIQUE, "first_name" varchar(30) NOT NULL, "last_name" varchar(150) NOT NULL, "email" varchar(254) NOT NULL, "is_staff" bool NOT NULL, "is_active" bool NOT NULL, "date_joined" datetime NOT NULL);
INSERT INTO info_user VALUES(4,'pbkdf2_sha256$150000$Xew02gG25Y4g$jZTMKPe7dIVhqDDaOWSZg6IuAoLGqOCqJxeIJQPY47Q=','2019-10-24 11:53:15.649383',1,'dbms','','','',1,1,'2019-10-24 11:53:10.188602');
INSERT INTO info_user VALUES(5,'pbkdf2_sha256$150000$lDrbOYHN7fuT$tSbMDhETph7aTTJ3xJNoRaR/HDxPW5rJbmiBarKjqX8=','2019-10-24 12:59:30.241123',0,'sudeepks','','','',0,1,'2019-10-24 12:14:43.766522');
INSERT INTO info_user VALUES(6,'pbkdf2_sha256$150000$NOg3KeK4ZNAf$RFoXl4AMGH6DHp97Gy0Mgr1uBA2tgkm/ZPD8LXpyPSA=',NULL,0,'gopakumarg','','','',0,1,'2019-10-24 12:15:36.919094');
INSERT INTO info_user VALUES(7,'pbkdf2_sha256$150000$PqmlD8dwkMwT$ajBhBR3yf5YX8CsSj1zCnOHVlaTCAsLcfBz3sXUbr9E=',NULL,0,'abdulnazeer','','','',0,1,'2019-10-24 12:16:33.200242');
INSERT INTO info_user VALUES(8,'pbkdf2_sha256$150000$7BlA6GCfA5ue$GIbvqioL+NQlNMzkdok0ltYB/5e3+xP+HFPJtP19ctA=',NULL,0,'arun','','','',0,1,'2019-10-24 12:17:17.877338');
INSERT INTO info_user VALUES(9,'pbkdf2_sha256$150000$rpzc6p45lgJB$wyxs67i51UmBVLf28lSgRaX42wBCzqEjnYW7e5SB0QU=',NULL,0,'rimy','','','',0,1,'2019-10-24 12:18:40.072406');
INSERT INTO info_user VALUES(10,'pbkdf2_sha256$150000$s8KEAy7oKpKC$CkpAThOG79Iu4b9/yCN3cWLDuMCLTbkS7o0C1OhdI+I=',NULL,0,'ramesh','','','',0,1,'2019-10-24 12:19:45.826081');
INSERT INTO info_user VALUES(11,'pbkdf2_sha256$150000$RtsWhjnOs4Kf$yn+7zUYi1BvmtZ9sx+o1+HwqrPVTQxCEUQ0F/+qkNdU=',NULL,0,'shreya','','','',0,1,'2019-10-24 12:20:33.621217');
INSERT INTO info_user VALUES(12,'pbkdf2_sha256$150000$nZuDTRYJNXGO$n3CkoY4UHNAMKjYuWWT9Fzf1+DaQWrM0PjfB9Hb4JdE=',NULL,0,'roshan','','','',0,1,'2019-10-24 12:22:39.080183');
INSERT INTO info_user VALUES(13,'pbkdf2_sha256$150000$KCW4DFl0w9K1$Auad9ZT5ycFpwF42NG+WXwnuG5dO7lcpqczFTPFS6LU=',NULL,0,'midhun','','','',0,1,'2019-10-24 12:23:43.916137');
INSERT INTO info_user VALUES(14,'pbkdf2_sha256$150000$i0R44evbZnBD$/usz12wpaZGLq9olywRVq5v5ZsJC0fSrXEUhRp/vemM=',NULL,0,'athul','','','',0,1,'2019-10-24 12:25:09.399970');
INSERT INTO info_user VALUES(15,'pbkdf2_sha256$150000$CzjsMbplZ5Kb$zsFuL4g+ODEQ+J9YlF37G75BTTNMbteDi/8hgYaDSAs=',NULL,0,'tarun','','','',0,1,'2019-10-24 12:26:15.147772');
INSERT INTO info_user VALUES(16,'pbkdf2_sha256$150000$KaxArHUoES82$wlHsff7pbd34wtlufKlqEvGBBGHF13uHiAUu7zG2owA=',NULL,0,'shuhaib','','','',0,1,'2019-10-24 12:27:37.906183');
INSERT INTO info_user VALUES(17,'pbkdf2_sha256$150000$RC71FM3u70qx$a4P+76i+3XMMoM8ECqzJtK2SnEQgjK6cKGTC5hDWNdQ=',NULL,0,'faris','','','',0,1,'2019-10-24 12:28:42.008070');
INSERT INTO info_user VALUES(18,'pbkdf2_sha256$150000$JTDoO5cQ2mAI$L4zfwLLOUOApBauJx9eIRIl1qR5GfUW5vFkkuoNNy4E=',NULL,0,'vignesh','','','',0,1,'2019-10-24 12:30:17.575472');
INSERT INTO info_user VALUES(19,'pbkdf2_sha256$150000$S7hQHnJViU2c$2KJnae09Zs4SX/sKcGp9pS7xrmuaAgE0UjzgAeGLOG8=',NULL,0,'sanker','','','',0,1,'2019-10-24 12:31:19.029136');
INSERT INTO info_user VALUES(20,'pbkdf2_sha256$150000$U83Y3stmh7Hy$QgZkd/GhnXT7gD4SVLUIHRvYyXoyyBJV/zpCVn3IRA4=','2019-10-24 13:02:11.389621',0,'arjun','','','',0,1,'2019-10-24 12:34:21.230216');
INSERT INTO info_user VALUES(21,'pbkdf2_sha256$150000$E98CsB6turQo$/ByDpmvPSA4p7z+CfX4DZa4iPl043yKMvmE6bR7DhK0=',NULL,0,'anjana','','','',0,1,'2019-10-24 12:36:13.664803');
INSERT INTO info_user VALUES(22,'pbkdf2_sha256$150000$0k8D5I3s6Ew6$YC5JUrG9rokOq8QOw0OPPOFIu8o41Gy++Rg3bAUifBE=',NULL,0,'robin','','','',0,1,'2019-10-24 12:37:26.184181');
INSERT INTO info_user VALUES(23,'pbkdf2_sha256$150000$O6ZxJViknZWG$xdwNdO8+Sv5HCDTohNqoJgBn2lIIp9esLpF4R5yq3VI=',NULL,0,'abin','','','',0,1,'2019-10-24 12:38:52.100171');
CREATE TABLE IF NOT EXISTS "info_user_groups" ("id" integer NOT NULL PRIMARY KEY AUTOINCREMENT, "user_id" integer NOT NULL REFERENCES "info_user" ("id") DEFERRABLE INITIALLY DEFERRED, "group_id" integer NOT NULL REFERENCES "auth_group" ("id") DEFERRABLE INITIALLY DEFERRED);
CREATE TABLE IF NOT EXISTS "info_user_user_permissions" ("id" integer NOT NULL PRIMARY KEY AUTOINCREMENT, "user_id" integer NOT NULL REFERENCES "info_user" ("id") DEFERRABLE INITIALLY DEFERRED, "permission_id" integer NOT NULL REFERENCES "auth_permission" ("id") DEFERRABLE INITIALLY DEFERRED);
CREATE TABLE IF NOT EXISTS "info_attendanceclass" ("id" integer NOT NULL PRIMARY KEY AUTOINCREMENT, "date" date NOT NULL, "status" integer NOT NULL, "assign_id" integer NOT NULL REFERENCES "info_assign" ("id") DEFERRABLE INITIALLY DEFERRED);
INSERT INTO info_attendanceclass VALUES(1,'2018-08-06',0,2);
INSERT INTO info_attendanceclass VALUES(2,'2018-08-13',0,2);
INSERT INTO info_attendanceclass VALUES(3,'2018-08-20',0,2);
INSERT INTO info_attendanceclass VALUES(4,'2018-08-27',0,2);
INSERT INTO info_attendanceclass VALUES(5,'2018-09-03',0,2);
INSERT INTO info_attendanceclass VALUES(6,'2018-09-10',0,2);
INSERT INTO info_attendanceclass VALUES(7,'2018-09-17',0,2);
INSERT INTO info_attendanceclass VALUES(8,'2018-09-24',0,2);
INSERT INTO info_attendanceclass VALUES(9,'2018-10-01',0,2);
INSERT INTO info_attendanceclass VALUES(10,'2018-10-08',0,2);
INSERT INTO info_attendanceclass VALUES(11,'2018-10-15',0,2);
INSERT INTO info_attendanceclass VALUES(12,'2018-10-22',0,2);
INSERT INTO info_attendanceclass VALUES(13,'2018-10-29',0,2);
INSERT INTO info_attendanceclass VALUES(14,'2018-11-05',0,2);
INSERT INTO info_attendanceclass VALUES(15,'2018-11-12',0,2);
INSERT INTO info_attendanceclass VALUES(16,'2018-11-19',0,2);
INSERT INTO info_attendanceclass VALUES(17,'2018-11-26',0,2);
INSERT INTO info_attendanceclass VALUES(18,'2018-08-01',0,2);
INSERT INTO info_attendanceclass VALUES(19,'2018-08-08',0,2);
INSERT INTO info_attendanceclass VALUES(20,'2018-08-15',0,2);
INSERT INTO info_attendanceclass VALUES(21,'2018-08-22',0,2);
INSERT INTO info_attendanceclass VALUES(22,'2018-08-29',0,2);
INSERT INTO info_attendanceclass VALUES(23,'2018-09-05',0,2);
INSERT INTO info_attendanceclass VALUES(24,'2018-09-12',0,2);
INSERT INTO info_attendanceclass VALUES(25,'2018-09-19',0,2);
INSERT INTO info_attendanceclass VALUES(26,'2018-09-26',0,2);
INSERT INTO info_attendanceclass VALUES(27,'2018-10-03',0,2);
INSERT INTO info_attendanceclass VALUES(28,'2018-10-10',0,2);
INSERT INTO info_attendanceclass VALUES(29,'2018-10-17',0,2);
INSERT INTO info_attendanceclass VALUES(30,'2018-10-24',0,2);
INSERT INTO info_attendanceclass VALUES(31,'2018-10-31',0,2);
INSERT INTO info_attendanceclass VALUES(32,'2018-11-07',0,2);
INSERT INTO info_attendanceclass VALUES(33,'2018-11-14',0,2);
INSERT INTO info_attendanceclass VALUES(34,'2018-11-21',0,2);
INSERT INTO info_attendanceclass VALUES(35,'2018-11-28',0,2);
INSERT INTO info_attendanceclass VALUES(36,'2018-08-02',0,2);
INSERT INTO info_attendanceclass VALUES(37,'2018-08-09',0,2);
INSERT INTO info_attendanceclass VALUES(38,'2018-08-16',0,2);
INSERT INTO info_attendanceclass VALUES(39,'2018-08-23',0,2);
INSERT INTO info_attendanceclass VALUES(40,'2018-08-30',0,2);
INSERT INTO info_attendanceclass VALUES(41,'2018-09-06',0,2);
INSERT INTO info_attendanceclass VALUES(42,'2018-09-13',0,2);
INSERT INTO info_attendanceclass VALUES(43,'2018-09-20',0,2);
INSERT INTO info_attendanceclass VALUES(44,'2018-09-27',0,2);
INSERT INTO info_attendanceclass VALUES(45,'2018-10-04',0,2);
INSERT INTO info_attendanceclass VALUES(46,'2018-10-11',0,2);
INSERT INTO info_attendanceclass VALUES(47,'2018-10-18',0,2);
INSERT INTO info_attendanceclass VALUES(48,'2018-10-25',0,2);
INSERT INTO info_attendanceclass VALUES(49,'2018-11-01',0,2);
INSERT INTO info_attendanceclass VALUES(50,'2018-11-08',0,2);
INSERT INTO info_attendanceclass VALUES(51,'2018-11-15',0,2);
INSERT INTO info_attendanceclass VALUES(52,'2018-11-22',0,2);
INSERT INTO info_attendanceclass VALUES(53,'2018-11-29',0,2);
INSERT INTO info_attendanceclass VALUES(54,'2018-08-06',0,3);
INSERT INTO info_attendanceclass VALUES(55,'2018-08-13',0,3);
INSERT INTO info_attendanceclass VALUES(56,'2018-08-20',0,3);
INSERT INTO info_attendanceclass VALUES(57,'2018-08-27',0,3);
INSERT INTO info_attendanceclass VALUES(58,'2018-09-03',0,3);
INSERT INTO info_attendanceclass VALUES(59,'2018-09-10',0,3);
INSERT INTO info_attendanceclass VALUES(60,'2018-09-17',0,3);
INSERT INTO info_attendanceclass VALUES(61,'2018-09-24',0,3);
INSERT INTO info_attendanceclass VALUES(62,'2018-10-01',0,3);
INSERT INTO info_attendanceclass VALUES(63,'2018-10-08',0,3);
INSERT INTO info_attendanceclass VALUES(64,'2018-10-15',0,3);
INSERT INTO info_attendanceclass VALUES(65,'2018-10-22',0,3);
INSERT INTO info_attendanceclass VALUES(66,'2018-10-29',0,3);
INSERT INTO info_attendanceclass VALUES(67,'2018-11-05',0,3);
INSERT INTO info_attendanceclass VALUES(68,'2018-11-12',0,3);
INSERT INTO info_attendanceclass VALUES(69,'2018-11-19',0,3);
INSERT INTO info_attendanceclass VALUES(70,'2018-11-26',0,3);
INSERT INTO info_attendanceclass VALUES(71,'2018-08-07',0,3);
INSERT INTO info_attendanceclass VALUES(72,'2018-08-14',0,3);
INSERT INTO info_attendanceclass VALUES(73,'2018-08-21',0,3);
INSERT INTO info_attendanceclass VALUES(74,'2018-08-28',0,3);
INSERT INTO info_attendanceclass VALUES(75,'2018-09-04',0,3);
INSERT INTO info_attendanceclass VALUES(76,'2018-09-11',0,3);
INSERT INTO info_attendanceclass VALUES(77,'2018-09-18',0,3);
INSERT INTO info_attendanceclass VALUES(78,'2018-09-25',0,3);
INSERT INTO info_attendanceclass VALUES(79,'2018-10-02',0,3);
INSERT INTO info_attendanceclass VALUES(80,'2018-10-09',0,3);
INSERT INTO info_attendanceclass VALUES(81,'2018-10-16',0,3);
INSERT INTO info_attendanceclass VALUES(82,'2018-10-23',0,3);
INSERT INTO info_attendanceclass VALUES(83,'2018-10-30',0,3);
INSERT INTO info_attendanceclass VALUES(84,'2018-11-06',0,3);
INSERT INTO info_attendanceclass VALUES(85,'2018-11-13',0,3);
INSERT INTO info_attendanceclass VALUES(86,'2018-11-20',0,3);
INSERT INTO info_attendanceclass VALUES(87,'2018-11-27',0,3);
INSERT INTO info_attendanceclass VALUES(88,'2018-08-03',0,3);
INSERT INTO info_attendanceclass VALUES(89,'2018-08-10',0,3);
INSERT INTO info_attendanceclass VALUES(90,'2018-08-17',0,3);
INSERT INTO info_attendanceclass VALUES(91,'2018-08-24',0,3);
INSERT INTO info_attendanceclass VALUES(92,'2018-08-31',0,3);
INSERT INTO info_attendanceclass VALUES(93,'2018-09-07',0,3);
INSERT INTO info_attendanceclass VALUES(94,'2018-09-14',0,3);
INSERT INTO info_attendanceclass VALUES(95,'2018-09-21',0,3);
INSERT INTO info_attendanceclass VALUES(96,'2018-09-28',0,3);
INSERT INTO info_attendanceclass VALUES(97,'2018-10-05',0,3);
INSERT INTO info_attendanceclass VALUES(98,'2018-10-12',0,3);
INSERT INTO info_attendanceclass VALUES(99,'2018-10-19',0,3);
INSERT INTO info_attendanceclass VALUES(100,'2018-10-26',0,3);
INSERT INTO info_attendanceclass VALUES(101,'2018-11-02',0,3);
INSERT INTO info_attendanceclass VALUES(102,'2018-11-09',0,3);
INSERT INTO info_attendanceclass VALUES(103,'2018-11-16',0,3);
INSERT INTO info_attendanceclass VALUES(104,'2018-11-23',0,3);
INSERT INTO info_attendanceclass VALUES(105,'2018-08-07',0,4);
INSERT INTO info_attendanceclass VALUES(106,'2018-08-14',0,4);
INSERT INTO info_attendanceclass VALUES(107,'2018-08-21',0,4);
INSERT INTO info_attendanceclass VALUES(108,'2018-08-28',0,4);
INSERT INTO info_attendanceclass VALUES(109,'2018-09-04',0,4);
INSERT INTO info_attendanceclass VALUES(110,'2018-09-11',0,4);
INSERT INTO info_attendanceclass VALUES(111,'2018-09-18',0,4);
INSERT INTO info_attendanceclass VALUES(112,'2018-09-25',0,4);
INSERT INTO info_attendanceclass VALUES(113,'2018-10-02',0,4);
INSERT INTO info_attendanceclass VALUES(114,'2018-10-09',0,4);
INSERT INTO info_attendanceclass VALUES(115,'2018-10-16',0,4);
INSERT INTO info_attendanceclass VALUES(116,'2018-10-23',0,4);
INSERT INTO info_attendanceclass VALUES(117,'2018-10-30',0,4);
INSERT INTO info_attendanceclass VALUES(118,'2018-11-06',0,4);
INSERT INTO info_attendanceclass VALUES(119,'2018-11-13',0,4);
INSERT INTO info_attendanceclass VALUES(120,'2018-11-20',0,4);
INSERT INTO info_attendanceclass VALUES(121,'2018-11-27',0,4);
INSERT INTO info_attendanceclass VALUES(122,'2018-08-01',0,4);
INSERT INTO info_attendanceclass VALUES(123,'2018-08-08',0,4);
INSERT INTO info_attendanceclass VALUES(124,'2018-08-15',0,4);
INSERT INTO info_attendanceclass VALUES(125,'2018-08-22',0,4);
INSERT INTO info_attendanceclass VALUES(126,'2018-08-29',0,4);
INSERT INTO info_attendanceclass VALUES(127,'2018-09-05',0,4);
INSERT INTO info_attendanceclass VALUES(128,'2018-09-12',0,4);
INSERT INTO info_attendanceclass VALUES(129,'2018-09-19',0,4);
INSERT INTO info_attendanceclass VALUES(130,'2018-09-26',0,4);
INSERT INTO info_attendanceclass VALUES(131,'2018-10-03',0,4);
INSERT INTO info_attendanceclass VALUES(132,'2018-10-10',0,4);
INSERT INTO info_attendanceclass VALUES(133,'2018-10-17',0,4);
INSERT INTO info_attendanceclass VALUES(134,'2018-10-24',0,4);
INSERT INTO info_attendanceclass VALUES(135,'2018-10-31',0,4);
INSERT INTO info_attendanceclass VALUES(136,'2018-11-07',0,4);
INSERT INTO info_attendanceclass VALUES(137,'2018-11-14',0,4);
INSERT INTO info_attendanceclass VALUES(138,'2018-11-21',0,4);
INSERT INTO info_attendanceclass VALUES(139,'2018-11-28',0,4);
INSERT INTO info_attendanceclass VALUES(140,'2018-08-03',0,4);
INSERT INTO info_attendanceclass VALUES(141,'2018-08-10',0,4);
INSERT INTO info_attendanceclass VALUES(142,'2018-08-17',0,4);
INSERT INTO info_attendanceclass VALUES(143,'2018-08-24',0,4);
INSERT INTO info_attendanceclass VALUES(144,'2018-08-31',0,4);
INSERT INTO info_attendanceclass VALUES(145,'2018-09-07',0,4);
INSERT INTO info_attendanceclass VALUES(146,'2018-09-14',0,4);
INSERT INTO info_attendanceclass VALUES(147,'2018-09-21',0,4);
INSERT INTO info_attendanceclass VALUES(148,'2018-09-28',0,4);
INSERT INTO info_attendanceclass VALUES(149,'2018-10-05',0,4);
INSERT INTO info_attendanceclass VALUES(150,'2018-10-12',0,4);
INSERT INTO info_attendanceclass VALUES(151,'2018-10-19',0,4);
INSERT INTO info_attendanceclass VALUES(152,'2018-10-26',0,4);
INSERT INTO info_attendanceclass VALUES(153,'2018-11-02',0,4);
INSERT INTO info_attendanceclass VALUES(154,'2018-11-09',0,4);
INSERT INTO info_attendanceclass VALUES(155,'2018-11-16',0,4);
INSERT INTO info_attendanceclass VALUES(156,'2018-11-23',0,4);
INSERT INTO info_attendanceclass VALUES(157,'2018-08-01',0,5);
INSERT INTO info_attendanceclass VALUES(158,'2018-08-08',0,5);
INSERT INTO info_attendanceclass VALUES(159,'2018-08-15',0,5);
INSERT INTO info_attendanceclass VALUES(160,'2018-08-22',0,5);
INSERT INTO info_attendanceclass VALUES(161,'2018-08-29',0,5);
INSERT INTO info_attendanceclass VALUES(162,'2018-09-05',0,5);
INSERT INTO info_attendanceclass VALUES(163,'2018-09-12',0,5);
INSERT INTO info_attendanceclass VALUES(164,'2018-09-19',0,5);
INSERT INTO info_attendanceclass VALUES(165,'2018-09-26',0,5);
INSERT INTO info_attendanceclass VALUES(166,'2018-10-03',0,5);
INSERT INTO info_attendanceclass VALUES(167,'2018-10-10',0,5);
INSERT INTO info_attendanceclass VALUES(168,'2018-10-17',0,5);
INSERT INTO info_attendanceclass VALUES(169,'2018-10-24',0,5);
INSERT INTO info_attendanceclass VALUES(170,'2018-10-31',0,5);
INSERT INTO info_attendanceclass VALUES(171,'2018-11-07',0,5);
INSERT INTO info_attendanceclass VALUES(172,'2018-11-14',0,5);
INSERT INTO info_attendanceclass VALUES(173,'2018-11-21',0,5);
INSERT INTO info_attendanceclass VALUES(174,'2018-11-28',0,5);
INSERT INTO info_attendanceclass VALUES(175,'2018-08-02',0,5);
INSERT INTO info_attendanceclass VALUES(176,'2018-08-09',0,5);
INSERT INTO info_attendanceclass VALUES(177,'2018-08-16',0,5);
INSERT INTO info_attendanceclass VALUES(178,'2018-08-23',0,5);
INSERT INTO info_attendanceclass VALUES(179,'2018-08-30',0,5);
INSERT INTO info_attendanceclass VALUES(180,'2018-09-06',0,5);
INSERT INTO info_attendanceclass VALUES(181,'2018-09-13',0,5);
INSERT INTO info_attendanceclass VALUES(182,'2018-09-20',0,5);
INSERT INTO info_attendanceclass VALUES(183,'2018-09-27',0,5);
INSERT INTO info_attendanceclass VALUES(184,'2018-10-04',0,5);
INSERT INTO info_attendanceclass VALUES(185,'2018-10-11',0,5);
INSERT INTO info_attendanceclass VALUES(186,'2018-10-18',0,5);
INSERT INTO info_attendanceclass VALUES(187,'2018-10-25',0,5);
INSERT INTO info_attendanceclass VALUES(188,'2018-11-01',0,5);
INSERT INTO info_attendanceclass VALUES(189,'2018-11-08',0,5);
INSERT INTO info_attendanceclass VALUES(190,'2018-11-15',0,5);
INSERT INTO info_attendanceclass VALUES(191,'2018-11-22',0,5);
INSERT INTO info_attendanceclass VALUES(192,'2018-11-29',0,5);
INSERT INTO info_attendanceclass VALUES(193,'2018-08-03',0,5);
INSERT INTO info_attendanceclass VALUES(194,'2018-08-10',0,5);
INSERT INTO info_attendanceclass VALUES(195,'2018-08-17',0,5);
INSERT INTO info_attendanceclass VALUES(196,'2018-08-24',0,5);
INSERT INTO info_attendanceclass VALUES(197,'2018-08-31',0,5);
INSERT INTO info_attendanceclass VALUES(198,'2018-09-07',0,5);
INSERT INTO info_attendanceclass VALUES(199,'2018-09-14',0,5);
INSERT INTO info_attendanceclass VALUES(200,'2018-09-21',0,5);
INSERT INTO info_attendanceclass VALUES(201,'2018-09-28',0,5);
INSERT INTO info_attendanceclass VALUES(202,'2018-10-05',0,5);
INSERT INTO info_attendanceclass VALUES(203,'2018-10-12',0,5);
INSERT INTO info_attendanceclass VALUES(204,'2018-10-19',0,5);
INSERT INTO info_attendanceclass VALUES(205,'2018-10-26',0,5);
INSERT INTO info_attendanceclass VALUES(206,'2018-11-02',0,5);
INSERT INTO info_attendanceclass VALUES(207,'2018-11-09',0,5);
INSERT INTO info_attendanceclass VALUES(208,'2018-11-16',0,5);
INSERT INTO info_attendanceclass VALUES(209,'2018-11-23',0,5);
INSERT INTO info_attendanceclass VALUES(210,'2018-08-06',0,6);
INSERT INTO info_attendanceclass VALUES(211,'2018-08-13',0,6);
INSERT INTO info_attendanceclass VALUES(212,'2018-08-20',0,6);
INSERT INTO info_attendanceclass VALUES(213,'2018-08-27',0,6);
INSERT INTO info_attendanceclass VALUES(214,'2018-09-03',0,6);
INSERT INTO info_attendanceclass VALUES(215,'2018-09-10',0,6);
INSERT INTO info_attendanceclass VALUES(216,'2018-09-17',0,6);
INSERT INTO info_attendanceclass VALUES(217,'2018-09-24',0,6);
INSERT INTO info_attendanceclass VALUES(218,'2018-10-01',0,6);
INSERT INTO info_attendanceclass VALUES(219,'2018-10-08',0,6);
INSERT INTO info_attendanceclass VALUES(220,'2018-10-15',0,6);
INSERT INTO info_attendanceclass VALUES(221,'2018-10-22',0,6);
INSERT INTO info_attendanceclass VALUES(222,'2018-10-29',0,6);
INSERT INTO info_attendanceclass VALUES(223,'2018-11-05',0,6);
INSERT INTO info_attendanceclass VALUES(224,'2018-11-12',0,6);
INSERT INTO info_attendanceclass VALUES(225,'2018-11-19',0,6);
INSERT INTO info_attendanceclass VALUES(226,'2018-11-26',0,6);
INSERT INTO info_attendanceclass VALUES(227,'2018-08-01',0,6);
INSERT INTO info_attendanceclass VALUES(228,'2018-08-08',0,6);
INSERT INTO info_attendanceclass VALUES(229,'2018-08-15',0,6);
INSERT INTO info_attendanceclass VALUES(230,'2018-08-22',0,6);
INSERT INTO info_attendanceclass VALUES(231,'2018-08-29',0,6);
INSERT INTO info_attendanceclass VALUES(232,'2018-09-05',0,6);
INSERT INTO info_attendanceclass VALUES(233,'2018-09-12',0,6);
INSERT INTO info_attendanceclass VALUES(234,'2018-09-19',0,6);
INSERT INTO info_attendanceclass VALUES(235,'2018-09-26',0,6);
INSERT INTO info_attendanceclass VALUES(236,'2018-10-03',0,6);
INSERT INTO info_attendanceclass VALUES(237,'2018-10-10',0,6);
INSERT INTO info_attendanceclass VALUES(238,'2018-10-17',0,6);
INSERT INTO info_attendanceclass VALUES(239,'2018-10-24',0,6);
INSERT INTO info_attendanceclass VALUES(240,'2018-10-31',0,6);
INSERT INTO info_attendanceclass VALUES(241,'2018-11-07',0,6);
INSERT INTO info_attendanceclass VALUES(242,'2018-11-14',0,6);
INSERT INTO info_attendanceclass VALUES(243,'2018-11-21',0,6);
INSERT INTO info_attendanceclass VALUES(244,'2018-11-28',0,6);
INSERT INTO info_attendanceclass VALUES(245,'2018-08-02',0,6);
INSERT INTO info_attendanceclass VALUES(246,'2018-08-09',0,6);
INSERT INTO info_attendanceclass VALUES(247,'2018-08-16',0,6);
INSERT INTO info_attendanceclass VALUES(248,'2018-08-23',0,6);
INSERT INTO info_attendanceclass VALUES(249,'2018-08-30',0,6);
INSERT INTO info_attendanceclass VALUES(250,'2018-09-06',0,6);
INSERT INTO info_attendanceclass VALUES(251,'2018-09-13',0,6);
INSERT INTO info_attendanceclass VALUES(252,'2018-09-20',0,6);
INSERT INTO info_attendanceclass VALUES(253,'2018-09-27',0,6);
INSERT INTO info_attendanceclass VALUES(254,'2018-10-04',0,6);
INSERT INTO info_attendanceclass VALUES(255,'2018-10-11',0,6);
INSERT INTO info_attendanceclass VALUES(256,'2018-10-18',0,6);
INSERT INTO info_attendanceclass VALUES(257,'2018-10-25',0,6);
INSERT INTO info_attendanceclass VALUES(258,'2018-11-01',0,6);
INSERT INTO info_attendanceclass VALUES(259,'2018-11-08',0,6);
INSERT INTO info_attendanceclass VALUES(260,'2018-11-15',0,6);
INSERT INTO info_attendanceclass VALUES(261,'2018-11-22',0,6);
INSERT INTO info_attendanceclass VALUES(262,'2018-11-29',0,6);
INSERT INTO info_attendanceclass VALUES(263,'2018-08-06',0,7);
INSERT INTO info_attendanceclass VALUES(264,'2018-08-13',0,7);
INSERT INTO info_attendanceclass VALUES(265,'2018-08-20',0,7);
INSERT INTO info_attendanceclass VALUES(266,'2018-08-27',0,7);
INSERT INTO info_attendanceclass VALUES(267,'2018-09-03',0,7);
INSERT INTO info_attendanceclass VALUES(268,'2018-09-10',0,7);
INSERT INTO info_attendanceclass VALUES(269,'2018-09-17',0,7);
INSERT INTO info_attendanceclass VALUES(270,'2018-09-24',0,7);
INSERT INTO info_attendanceclass VALUES(271,'2018-10-01',0,7);
INSERT INTO info_attendanceclass VALUES(272,'2018-10-08',0,7);
INSERT INTO info_attendanceclass VALUES(273,'2018-10-15',0,7);
INSERT INTO info_attendanceclass VALUES(274,'2018-10-22',0,7);
INSERT INTO info_attendanceclass VALUES(275,'2018-10-29',0,7);
INSERT INTO info_attendanceclass VALUES(276,'2018-11-05',0,7);
INSERT INTO info_attendanceclass VALUES(277,'2018-11-12',0,7);
INSERT INTO info_attendanceclass VALUES(278,'2018-11-19',0,7);
INSERT INTO info_attendanceclass VALUES(279,'2018-11-26',0,7);
INSERT INTO info_attendanceclass VALUES(280,'2018-08-07',0,7);
INSERT INTO info_attendanceclass VALUES(281,'2018-08-14',0,7);
INSERT INTO info_attendanceclass VALUES(282,'2018-08-21',0,7);
INSERT INTO info_attendanceclass VALUES(283,'2018-08-28',0,7);
INSERT INTO info_attendanceclass VALUES(284,'2018-09-04',0,7);
INSERT INTO info_attendanceclass VALUES(285,'2018-09-11',0,7);
INSERT INTO info_attendanceclass VALUES(286,'2018-09-18',0,7);
INSERT INTO info_attendanceclass VALUES(287,'2018-09-25',0,7);
INSERT INTO info_attendanceclass VALUES(288,'2018-10-02',0,7);
INSERT INTO info_attendanceclass VALUES(289,'2018-10-09',0,7);
INSERT INTO info_attendanceclass VALUES(290,'2018-10-16',0,7);
INSERT INTO info_attendanceclass VALUES(291,'2018-10-23',0,7);
INSERT INTO info_attendanceclass VALUES(292,'2018-10-30',0,7);
INSERT INTO info_attendanceclass VALUES(293,'2018-11-06',0,7);
INSERT INTO info_attendanceclass VALUES(294,'2018-11-13',0,7);
INSERT INTO info_attendanceclass VALUES(295,'2018-11-20',0,7);
INSERT INTO info_attendanceclass VALUES(296,'2018-11-27',0,7);
INSERT INTO info_attendanceclass VALUES(297,'2018-08-02',0,7);
INSERT INTO info_attendanceclass VALUES(298,'2018-08-09',0,7);
INSERT INTO info_attendanceclass VALUES(299,'2018-08-16',0,7);
INSERT INTO info_attendanceclass VALUES(300,'2018-08-23',0,7);
INSERT INTO info_attendanceclass VALUES(301,'2018-08-30',0,7);
INSERT INTO info_attendanceclass VALUES(302,'2018-09-06',0,7);
INSERT INTO info_attendanceclass VALUES(303,'2018-09-13',0,7);
INSERT INTO info_attendanceclass VALUES(304,'2018-09-20',0,7);
INSERT INTO info_attendanceclass VALUES(305,'2018-09-27',0,7);
INSERT INTO info_attendanceclass VALUES(306,'2018-10-04',0,7);
INSERT INTO info_attendanceclass VALUES(307,'2018-10-11',0,7);
INSERT INTO info_attendanceclass VALUES(308,'2018-10-18',0,7);
INSERT INTO info_attendanceclass VALUES(309,'2018-10-25',0,7);
INSERT INTO info_attendanceclass VALUES(310,'2018-11-01',0,7);
INSERT INTO info_attendanceclass VALUES(311,'2018-11-08',0,7);
INSERT INTO info_attendanceclass VALUES(312,'2018-11-15',0,7);
INSERT INTO info_attendanceclass VALUES(313,'2018-11-22',0,7);
INSERT INTO info_attendanceclass VALUES(314,'2018-11-29',0,7);
INSERT INTO info_attendanceclass VALUES(315,'2018-08-07',0,8);
INSERT INTO info_attendanceclass VALUES(316,'2018-08-14',0,8);
INSERT INTO info_attendanceclass VALUES(317,'2018-08-21',0,8);
INSERT INTO info_attendanceclass VALUES(318,'2018-08-28',0,8);
INSERT INTO info_attendanceclass VALUES(319,'2018-09-04',0,8);
INSERT INTO info_attendanceclass VALUES(320,'2018-09-11',0,8);
INSERT INTO info_attendanceclass VALUES(321,'2018-09-18',0,8);
INSERT INTO info_attendanceclass VALUES(322,'2018-09-25',0,8);
INSERT INTO info_attendanceclass VALUES(323,'2018-10-02',0,8);
INSERT INTO info_attendanceclass VALUES(324,'2018-10-09',0,8);
INSERT INTO info_attendanceclass VALUES(325,'2018-10-16',0,8);
INSERT INTO info_attendanceclass VALUES(326,'2018-10-23',0,8);
INSERT INTO info_attendanceclass VALUES(327,'2018-10-30',0,8);
INSERT INTO info_attendanceclass VALUES(328,'2018-11-06',0,8);
INSERT INTO info_attendanceclass VALUES(329,'2018-11-13',0,8);
INSERT INTO info_attendanceclass VALUES(330,'2018-11-20',0,8);
INSERT INTO info_attendanceclass VALUES(331,'2018-11-27',0,8);
INSERT INTO info_attendanceclass VALUES(332,'2018-08-02',0,8);
INSERT INTO info_attendanceclass VALUES(333,'2018-08-09',0,8);
INSERT INTO info_attendanceclass VALUES(334,'2018-08-16',0,8);
INSERT INTO info_attendanceclass VALUES(335,'2018-08-23',0,8);
INSERT INTO info_attendanceclass VALUES(336,'2018-08-30',0,8);
INSERT INTO info_attendanceclass VALUES(337,'2018-09-06',0,8);
INSERT INTO info_attendanceclass VALUES(338,'2018-09-13',0,8);
INSERT INTO info_attendanceclass VALUES(339,'2018-09-20',0,8);
INSERT INTO info_attendanceclass VALUES(340,'2018-09-27',0,8);
INSERT INTO info_attendanceclass VALUES(341,'2018-10-04',0,8);
INSERT INTO info_attendanceclass VALUES(342,'2018-10-11',0,8);
INSERT INTO info_attendanceclass VALUES(343,'2018-10-18',0,8);
INSERT INTO info_attendanceclass VALUES(344,'2018-10-25',0,8);
INSERT INTO info_attendanceclass VALUES(345,'2018-11-01',0,8);
INSERT INTO info_attendanceclass VALUES(346,'2018-11-08',0,8);
INSERT INTO info_attendanceclass VALUES(347,'2018-11-15',0,8);
INSERT INTO info_attendanceclass VALUES(348,'2018-11-22',0,8);
INSERT INTO info_attendanceclass VALUES(349,'2018-11-29',0,8);
INSERT INTO info_attendanceclass VALUES(350,'2018-08-03',0,8);
INSERT INTO info_attendanceclass VALUES(351,'2018-08-10',0,8);
INSERT INTO info_attendanceclass VALUES(352,'2018-08-17',0,8);
INSERT INTO info_attendanceclass VALUES(353,'2018-08-24',0,8);
INSERT INTO info_attendanceclass VALUES(354,'2018-08-31',0,8);
INSERT INTO info_attendanceclass VALUES(355,'2018-09-07',0,8);
INSERT INTO info_attendanceclass VALUES(356,'2018-09-14',0,8);
INSERT INTO info_attendanceclass VALUES(357,'2018-09-21',0,8);
INSERT INTO info_attendanceclass VALUES(358,'2018-09-28',0,8);
INSERT INTO info_attendanceclass VALUES(359,'2018-10-05',0,8);
INSERT INTO info_attendanceclass VALUES(360,'2018-10-12',0,8);
INSERT INTO info_attendanceclass VALUES(361,'2018-10-19',0,8);
INSERT INTO info_attendanceclass VALUES(362,'2018-10-26',0,8);
INSERT INTO info_attendanceclass VALUES(363,'2018-11-02',0,8);
INSERT INTO info_attendanceclass VALUES(364,'2018-11-09',0,8);
INSERT INTO info_attendanceclass VALUES(365,'2018-11-16',0,8);
INSERT INTO info_attendanceclass VALUES(366,'2018-11-23',0,8);
INSERT INTO info_attendanceclass VALUES(367,'2018-08-06',0,9);
INSERT INTO info_attendanceclass VALUES(368,'2018-08-13',0,9);
INSERT INTO info_attendanceclass VALUES(369,'2018-08-20',0,9);
INSERT INTO info_attendanceclass VALUES(370,'2018-08-27',0,9);
INSERT INTO info_attendanceclass VALUES(371,'2018-09-03',0,9);
INSERT INTO info_attendanceclass VALUES(372,'2018-09-10',0,9);
INSERT INTO info_attendanceclass VALUES(373,'2018-09-17',0,9);
INSERT INTO info_attendanceclass VALUES(374,'2018-09-24',0,9);
INSERT INTO info_attendanceclass VALUES(375,'2018-10-01',0,9);
INSERT INTO info_attendanceclass VALUES(376,'2018-10-08',0,9);
INSERT INTO info_attendanceclass VALUES(377,'2018-10-15',0,9);
INSERT INTO info_attendanceclass VALUES(378,'2018-10-22',0,9);
INSERT INTO info_attendanceclass VALUES(379,'2018-10-29',0,9);
INSERT INTO info_attendanceclass VALUES(380,'2018-11-05',0,9);
INSERT INTO info_attendanceclass VALUES(381,'2018-11-12',0,9);
INSERT INTO info_attendanceclass VALUES(382,'2018-11-19',0,9);
INSERT INTO info_attendanceclass VALUES(383,'2018-11-26',0,9);
INSERT INTO info_attendanceclass VALUES(384,'2018-08-07',0,9);
INSERT INTO info_attendanceclass VALUES(385,'2018-08-14',0,9);
INSERT INTO info_attendanceclass VALUES(386,'2018-08-21',0,9);
INSERT INTO info_attendanceclass VALUES(387,'2018-08-28',0,9);
INSERT INTO info_attendanceclass VALUES(388,'2018-09-04',0,9);
INSERT INTO info_attendanceclass VALUES(389,'2018-09-11',0,9);
INSERT INTO info_attendanceclass VALUES(390,'2018-09-18',0,9);
INSERT INTO info_attendanceclass VALUES(391,'2018-09-25',0,9);
INSERT INTO info_attendanceclass VALUES(392,'2018-10-02',0,9);
INSERT INTO info_attendanceclass VALUES(393,'2018-10-09',0,9);
INSERT INTO info_attendanceclass VALUES(394,'2018-10-16',0,9);
INSERT INTO info_attendanceclass VALUES(395,'2018-10-23',0,9);
INSERT INTO info_attendanceclass VALUES(396,'2018-10-30',0,9);
INSERT INTO info_attendanceclass VALUES(397,'2018-11-06',0,9);
INSERT INTO info_attendanceclass VALUES(398,'2018-11-13',0,9);
INSERT INTO info_attendanceclass VALUES(399,'2018-11-20',0,9);
INSERT INTO info_attendanceclass VALUES(400,'2018-11-27',0,9);
INSERT INTO info_attendanceclass VALUES(401,'2018-08-01',0,9);
INSERT INTO info_attendanceclass VALUES(402,'2018-08-08',0,9);
INSERT INTO info_attendanceclass VALUES(403,'2018-08-15',0,9);
INSERT INTO info_attendanceclass VALUES(404,'2018-08-22',0,9);
INSERT INTO info_attendanceclass VALUES(405,'2018-08-29',0,9);
INSERT INTO info_attendanceclass VALUES(406,'2018-09-05',0,9);
INSERT INTO info_attendanceclass VALUES(407,'2018-09-12',0,9);
INSERT INTO info_attendanceclass VALUES(408,'2018-09-19',0,9);
INSERT INTO info_attendanceclass VALUES(409,'2018-09-26',0,9);
INSERT INTO info_attendanceclass VALUES(410,'2018-10-03',0,9);
INSERT INTO info_attendanceclass VALUES(411,'2018-10-10',0,9);
INSERT INTO info_attendanceclass VALUES(412,'2018-10-17',0,9);
INSERT INTO info_attendanceclass VALUES(413,'2018-10-24',0,9);
INSERT INTO info_attendanceclass VALUES(414,'2018-10-31',0,9);
INSERT INTO info_attendanceclass VALUES(415,'2018-11-07',0,9);
INSERT INTO info_attendanceclass VALUES(416,'2018-11-14',0,9);
INSERT INTO info_attendanceclass VALUES(417,'2018-11-21',0,9);
INSERT INTO info_attendanceclass VALUES(418,'2018-11-28',0,9);
INSERT INTO info_attendanceclass VALUES(419,'2018-08-01',0,10);
INSERT INTO info_attendanceclass VALUES(420,'2018-08-08',0,10);
INSERT INTO info_attendanceclass VALUES(421,'2018-08-15',0,10);
INSERT INTO info_attendanceclass VALUES(422,'2018-08-22',0,10);
INSERT INTO info_attendanceclass VALUES(423,'2018-08-29',0,10);
INSERT INTO info_attendanceclass VALUES(424,'2018-09-05',0,10);
INSERT INTO info_attendanceclass VALUES(425,'2018-09-12',0,10);
INSERT INTO info_attendanceclass VALUES(426,'2018-09-19',0,10);
INSERT INTO info_attendanceclass VALUES(427,'2018-09-26',0,10);
INSERT INTO info_attendanceclass VALUES(428,'2018-10-03',0,10);
INSERT INTO info_attendanceclass VALUES(429,'2018-10-10',0,10);
INSERT INTO info_attendanceclass VALUES(430,'2018-10-17',0,10);
INSERT INTO info_attendanceclass VALUES(431,'2018-10-24',0,10);
INSERT INTO info_attendanceclass VALUES(432,'2018-10-31',0,10);
INSERT INTO info_attendanceclass VALUES(433,'2018-11-07',0,10);
INSERT INTO info_attendanceclass VALUES(434,'2018-11-14',0,10);
INSERT INTO info_attendanceclass VALUES(435,'2018-11-21',0,10);
INSERT INTO info_attendanceclass VALUES(436,'2018-11-28',0,10);
INSERT INTO info_attendanceclass VALUES(437,'2018-08-02',0,10);
INSERT INTO info_attendanceclass VALUES(438,'2018-08-09',0,10);
INSERT INTO info_attendanceclass VALUES(439,'2018-08-16',0,10);
INSERT INTO info_attendanceclass VALUES(440,'2018-08-23',0,10);
INSERT INTO info_attendanceclass VALUES(441,'2018-08-30',0,10);
INSERT INTO info_attendanceclass VALUES(442,'2018-09-06',0,10);
INSERT INTO info_attendanceclass VALUES(443,'2018-09-13',0,10);
INSERT INTO info_attendanceclass VALUES(444,'2018-09-20',0,10);
INSERT INTO info_attendanceclass VALUES(445,'2018-09-27',0,10);
INSERT INTO info_attendanceclass VALUES(446,'2018-10-04',0,10);
INSERT INTO info_attendanceclass VALUES(447,'2018-10-11',0,10);
INSERT INTO info_attendanceclass VALUES(448,'2018-10-18',0,10);
INSERT INTO info_attendanceclass VALUES(449,'2018-10-25',0,10);
INSERT INTO info_attendanceclass VALUES(450,'2018-11-01',0,10);
INSERT INTO info_attendanceclass VALUES(451,'2018-11-08',0,10);
INSERT INTO info_attendanceclass VALUES(452,'2018-11-15',0,10);
INSERT INTO info_attendanceclass VALUES(453,'2018-11-22',0,10);
INSERT INTO info_attendanceclass VALUES(454,'2018-11-29',0,10);
INSERT INTO info_attendanceclass VALUES(455,'2018-08-03',0,10);
INSERT INTO info_attendanceclass VALUES(456,'2018-08-10',0,10);
INSERT INTO info_attendanceclass VALUES(457,'2018-08-17',0,10);
INSERT INTO info_attendanceclass VALUES(458,'2018-08-24',0,10);
INSERT INTO info_attendanceclass VALUES(459,'2018-08-31',0,10);
INSERT INTO info_attendanceclass VALUES(460,'2018-09-07',0,10);
INSERT INTO info_attendanceclass VALUES(461,'2018-09-14',0,10);
INSERT INTO info_attendanceclass VALUES(462,'2018-09-21',0,10);
INSERT INTO info_attendanceclass VALUES(463,'2018-09-28',0,10);
INSERT INTO info_attendanceclass VALUES(464,'2018-10-05',0,10);
INSERT INTO info_attendanceclass VALUES(465,'2018-10-12',0,10);
INSERT INTO info_attendanceclass VALUES(466,'2018-10-19',0,10);
INSERT INTO info_attendanceclass VALUES(467,'2018-10-26',0,10);
INSERT INTO info_attendanceclass VALUES(468,'2018-11-02',0,10);
INSERT INTO info_attendanceclass VALUES(469,'2018-11-09',0,10);
INSERT INTO info_attendanceclass VALUES(470,'2018-11-16',0,10);
INSERT INTO info_attendanceclass VALUES(471,'2018-11-23',0,10);
INSERT INTO info_attendanceclass VALUES(472,'2018-08-01',0,11);
INSERT INTO info_attendanceclass VALUES(473,'2018-08-08',0,11);
INSERT INTO info_attendanceclass VALUES(474,'2018-08-15',0,11);
INSERT INTO info_attendanceclass VALUES(475,'2018-08-22',0,11);
INSERT INTO info_attendanceclass VALUES(476,'2018-08-29',0,11);
INSERT INTO info_attendanceclass VALUES(477,'2018-09-05',0,11);
INSERT INTO info_attendanceclass VALUES(478,'2018-09-12',0,11);
INSERT INTO info_attendanceclass VALUES(479,'2018-09-19',0,11);
INSERT INTO info_attendanceclass VALUES(480,'2018-09-26',0,11);
INSERT INTO info_attendanceclass VALUES(481,'2018-10-03',0,11);
INSERT INTO info_attendanceclass VALUES(482,'2018-10-10',0,11);
INSERT INTO info_attendanceclass VALUES(483,'2018-10-17',0,11);
INSERT INTO info_attendanceclass VALUES(484,'2018-10-24',0,11);
INSERT INTO info_attendanceclass VALUES(485,'2018-10-31',0,11);
INSERT INTO info_attendanceclass VALUES(486,'2018-11-07',0,11);
INSERT INTO info_attendanceclass VALUES(487,'2018-11-14',0,11);
INSERT INTO info_attendanceclass VALUES(488,'2018-11-21',0,11);
INSERT INTO info_attendanceclass VALUES(489,'2018-11-28',0,11);
INSERT INTO info_attendanceclass VALUES(490,'2018-08-02',0,11);
INSERT INTO info_attendanceclass VALUES(491,'2018-08-09',0,11);
INSERT INTO info_attendanceclass VALUES(492,'2018-08-16',0,11);
INSERT INTO info_attendanceclass VALUES(493,'2018-08-23',0,11);
INSERT INTO info_attendanceclass VALUES(494,'2018-08-30',0,11);
INSERT INTO info_attendanceclass VALUES(495,'2018-09-06',0,11);
INSERT INTO info_attendanceclass VALUES(496,'2018-09-13',0,11);
INSERT INTO info_attendanceclass VALUES(497,'2018-09-20',0,11);
INSERT INTO info_attendanceclass VALUES(498,'2018-09-27',0,11);
INSERT INTO info_attendanceclass VALUES(499,'2018-10-04',0,11);
INSERT INTO info_attendanceclass VALUES(500,'2018-10-11',0,11);
INSERT INTO info_attendanceclass VALUES(501,'2018-10-18',0,11);
INSERT INTO info_attendanceclass VALUES(502,'2018-10-25',0,11);
INSERT INTO info_attendanceclass VALUES(503,'2018-11-01',0,11);
INSERT INTO info_attendanceclass VALUES(504,'2018-11-08',0,11);
INSERT INTO info_attendanceclass VALUES(505,'2018-11-15',0,11);
INSERT INTO info_attendanceclass VALUES(506,'2018-11-22',0,11);
INSERT INTO info_attendanceclass VALUES(507,'2018-11-29',0,11);
INSERT INTO info_attendanceclass VALUES(508,'2018-08-03',0,11);
INSERT INTO info_attendanceclass VALUES(509,'2018-08-10',0,11);
INSERT INTO info_attendanceclass VALUES(510,'2018-08-17',0,11);
INSERT INTO info_attendanceclass VALUES(511,'2018-08-24',0,11);
INSERT INTO info_attendanceclass VALUES(512,'2018-08-31',0,11);
INSERT INTO info_attendanceclass VALUES(513,'2018-09-07',0,11);
INSERT INTO info_attendanceclass VALUES(514,'2018-09-14',0,11);
INSERT INTO info_attendanceclass VALUES(515,'2018-09-21',0,11);
INSERT INTO info_attendanceclass VALUES(516,'2018-09-28',0,11);
INSERT INTO info_attendanceclass VALUES(517,'2018-10-05',0,11);
INSERT INTO info_attendanceclass VALUES(518,'2018-10-12',0,11);
INSERT INTO info_attendanceclass VALUES(519,'2018-10-19',0,11);
INSERT INTO info_attendanceclass VALUES(520,'2018-10-26',0,11);
INSERT INTO info_attendanceclass VALUES(521,'2018-11-02',0,11);
INSERT INTO info_attendanceclass VALUES(522,'2018-11-09',0,11);
INSERT INTO info_attendanceclass VALUES(523,'2018-11-16',0,11);
INSERT INTO info_attendanceclass VALUES(524,'2018-11-23',0,11);
CREATE TABLE IF NOT EXISTS "info_dept" ("id" varchar(100) NOT NULL PRIMARY KEY, "name" varchar(200) NOT NULL);
INSERT INTO info_dept VALUES('1','Computer Science And Engineering');
INSERT INTO info_dept VALUES('2','Electronics And Communication');
INSERT INTO info_dept VALUES('3','Mechanical');
CREATE TABLE IF NOT EXISTS "info_marksclass" ("id" integer NOT NULL PRIMARY KEY AUTOINCREMENT, "name" varchar(50) NOT NULL, "status" bool NOT NULL, "assign_id" integer NOT NULL REFERENCES "info_assign" ("id") DEFERRABLE INITIALLY DEFERRED);
INSERT INTO info_marksclass VALUES(7,'Internal test 1',0,2);
INSERT INTO info_marksclass VALUES(8,'Internal test 2',0,2);
INSERT INTO info_marksclass VALUES(9,'Internal test 3',0,2);
INSERT INTO info_marksclass VALUES(10,'Event 1',0,2);
INSERT INTO info_marksclass VALUES(11,'Event 2',0,2);
INSERT INTO info_marksclass VALUES(12,'Semester End Exam',0,2);
INSERT INTO info_marksclass VALUES(13,'Internal test 1',0,3);
INSERT INTO info_marksclass VALUES(14,'Internal test 2',0,3);
INSERT INTO info_marksclass VALUES(15,'Internal test 3',0,3);
INSERT INTO info_marksclass VALUES(16,'Event 1',0,3);
INSERT INTO info_marksclass VALUES(17,'Event 2',0,3);
INSERT INTO info_marksclass VALUES(18,'Semester End Exam',0,3);
INSERT INTO info_marksclass VALUES(19,'Internal test 1',0,4);
INSERT INTO info_marksclass VALUES(20,'Internal test 2',0,4);
INSERT INTO info_marksclass VALUES(21,'Internal test 3',0,4);
INSERT INTO info_marksclass VALUES(22,'Event 1',0,4);
INSERT INTO info_marksclass VALUES(23,'Event 2',0,4);
INSERT INTO info_marksclass VALUES(24,'Semester End Exam',0,4);
INSERT INTO info_marksclass VALUES(25,'Internal test 1',0,5);
INSERT INTO info_marksclass VALUES(26,'Internal test 2',0,5);
INSERT INTO info_marksclass VALUES(27,'Internal test 3',0,5);
INSERT INTO info_marksclass VALUES(28,'Event 1',0,5);
INSERT INTO info_marksclass VALUES(29,'Event 2',0,5);
INSERT INTO info_marksclass VALUES(30,'Semester End Exam',0,5);
INSERT INTO info_marksclass VALUES(31,'Internal test 1',0,6);
INSERT INTO info_marksclass VALUES(32,'Internal test 2',0,6);
INSERT INTO info_marksclass VALUES(33,'Internal test 3',0,6);
INSERT INTO info_marksclass VALUES(34,'Event 1',0,6);
INSERT INTO info_marksclass VALUES(35,'Event 2',0,6);
INSERT INTO info_marksclass VALUES(36,'Semester End Exam',0,6);
INSERT INTO info_marksclass VALUES(37,'Internal test 1',0,7);
INSERT INTO info_marksclass VALUES(38,'Internal test 2',0,7);
INSERT INTO info_marksclass VALUES(39,'Internal test 3',0,7);
INSERT INTO info_marksclass VALUES(40,'Event 1',0,7);
INSERT INTO info_marksclass VALUES(41,'Event 2',0,7);
INSERT INTO info_marksclass VALUES(42,'Semester End Exam',0,7);
INSERT INTO info_marksclass VALUES(43,'Internal test 1',0,8);
INSERT INTO info_marksclass VALUES(44,'Internal test 2',0,8);
INSERT INTO info_marksclass VALUES(45,'Internal test 3',0,8);
INSERT INTO info_marksclass VALUES(46,'Event 1',0,8);
INSERT INTO info_marksclass VALUES(47,'Event 2',0,8);
INSERT INTO info_marksclass VALUES(48,'Semester End Exam',0,8);
INSERT INTO info_marksclass VALUES(49,'Internal test 1',0,9);
INSERT INTO info_marksclass VALUES(50,'Internal test 2',0,9);
INSERT INTO info_marksclass VALUES(51,'Internal test 3',0,9);
INSERT INTO info_marksclass VALUES(52,'Event 1',0,9);
INSERT INTO info_marksclass VALUES(53,'Event 2',0,9);
INSERT INTO info_marksclass VALUES(54,'Semester End Exam',0,9);
INSERT INTO info_marksclass VALUES(55,'Internal test 1',0,10);
INSERT INTO info_marksclass VALUES(56,'Internal test 2',0,10);
INSERT INTO info_marksclass VALUES(57,'Internal test 3',0,10);
INSERT INTO info_marksclass VALUES(58,'Event 1',0,10);
INSERT INTO info_marksclass VALUES(59,'Event 2',0,10);
INSERT INTO info_marksclass VALUES(60,'Semester End Exam',0,10);
INSERT INTO info_marksclass VALUES(61,'Internal test 1',0,11);
INSERT INTO info_marksclass VALUES(62,'Internal test 2',0,11);
INSERT INTO info_marksclass VALUES(63,'Internal test 3',0,11);
INSERT INTO info_marksclass VALUES(64,'Event 1',0,11);
INSERT INTO info_marksclass VALUES(65,'Event 2',0,11);
INSERT INTO info_marksclass VALUES(66,'Semester End Exam',0,11);
CREATE TABLE IF NOT EXISTS "info_studentcourse" ("id" integer NOT NULL PRIMARY KEY AUTOINCREMENT, "course_id" varchar(50) NOT NULL REFERENCES "info_course" ("id") DEFERRABLE INITIALLY DEFERRED, "student_id" varchar(100) NOT NULL REFERENCES "info_student" ("USN") DEFERRABLE INITIALLY DEFERRED);
INSERT INTO info_studentcourse VALUES(2,'CS2001D','b170237cs');
INSERT INTO info_studentcourse VALUES(3,'CS2001D','b170149cs');
INSERT INTO info_studentcourse VALUES(4,'CS2001D','b170158cs');
INSERT INTO info_studentcourse VALUES(5,'CS2002D','b170388cs');
INSERT INTO info_studentcourse VALUES(6,'CS2002D','b170150cs');
INSERT INTO info_studentcourse VALUES(7,'CS2006D','b170237cs');
INSERT INTO info_studentcourse VALUES(8,'CS2006D','b170149cs');
INSERT INTO info_studentcourse VALUES(9,'CS2006D','b170158cs');
INSERT INTO info_studentcourse VALUES(10,'CS2002D','b160031cs');
INSERT INTO info_studentcourse VALUES(11,'EC2001D','b170011ec');
INSERT INTO info_studentcourse VALUES(12,'EC2002D','b170139cs');
INSERT INTO info_studentcourse VALUES(13,'EC2002D','b170123ec');
INSERT INTO info_studentcourse VALUES(14,'ME2001D','b170011me');
INSERT INTO info_studentcourse VALUES(15,'ME2002D','b170140cs');
INSERT INTO info_studentcourse VALUES(16,'ME2001D','b160111me');
CREATE TABLE IF NOT EXISTS "info_marks" ("id" integer NOT NULL PRIMARY KEY AUTOINCREMENT, "name" varchar(50) NOT NULL, "marks1" integer NOT NULL, "studentcourse_id" integer NOT NULL REFERENCES "info_studentcourse" ("id") DEFERRABLE INITIALLY DEFERRED);
INSERT INTO info_marks VALUES(7,'Internal test 1',0,2);
INSERT INTO info_marks VALUES(8,'Internal test 2',0,2);
INSERT INTO info_marks VALUES(9,'Internal test 3',0,2);
INSERT INTO info_marks VALUES(10,'Event 1',0,2);
INSERT INTO info_marks VALUES(11,'Event 2',0,2);
INSERT INTO info_marks VALUES(12,'Semester End Exam',0,2);
INSERT INTO info_marks VALUES(13,'Internal test 1',0,3);
INSERT INTO info_marks VALUES(14,'Internal test 2',0,3);
INSERT INTO info_marks VALUES(15,'Internal test 3',0,3);
INSERT INTO info_marks VALUES(16,'Event 1',0,3);
INSERT INTO info_marks VALUES(17,'Event 2',0,3);
INSERT INTO info_marks VALUES(18,'Semester End Exam',0,3);
INSERT INTO info_marks VALUES(19,'Internal test 1',0,4);
INSERT INTO info_marks VALUES(20,'Internal test 2',0,4);
INSERT INTO info_marks VALUES(21,'Internal test 3',0,4);
INSERT INTO info_marks VALUES(22,'Event 1',0,4);
INSERT INTO info_marks VALUES(23,'Event 2',0,4);
INSERT INTO info_marks VALUES(24,'Semester End Exam',0,4);
INSERT INTO info_marks VALUES(25,'Internal test 1',0,5);
INSERT INTO info_marks VALUES(26,'Internal test 2',0,5);
INSERT INTO info_marks VALUES(27,'Internal test 3',0,5);
INSERT INTO info_marks VALUES(28,'Event 1',0,5);
INSERT INTO info_marks VALUES(29,'Event 2',0,5);
INSERT INTO info_marks VALUES(30,'Semester End Exam',0,5);
INSERT INTO info_marks VALUES(31,'Internal test 1',0,6);
INSERT INTO info_marks VALUES(32,'Internal test 2',0,6);
INSERT INTO info_marks VALUES(33,'Internal test 3',0,6);
INSERT INTO info_marks VALUES(34,'Event 1',0,6);
INSERT INTO info_marks VALUES(35,'Event 2',0,6);
INSERT INTO info_marks VALUES(36,'Semester End Exam',0,6);
INSERT INTO info_marks VALUES(37,'Internal test 1',0,7);
INSERT INTO info_marks VALUES(38,'Internal test 2',0,7);
INSERT INTO info_marks VALUES(39,'Internal test 3',0,7);
INSERT INTO info_marks VALUES(40,'Event 1',0,7);
INSERT INTO info_marks VALUES(41,'Event 2',0,7);
INSERT INTO info_marks VALUES(42,'Semester End Exam',0,7);
INSERT INTO info_marks VALUES(43,'Internal test 1',0,8);
INSERT INTO info_marks VALUES(44,'Internal test 2',0,8);
INSERT INTO info_marks VALUES(45,'Internal test 3',0,8);
INSERT INTO info_marks VALUES(46,'Event 1',0,8);
INSERT INTO info_marks VALUES(47,'Event 2',0,8);
INSERT INTO info_marks VALUES(48,'Semester End Exam',0,8);
INSERT INTO info_marks VALUES(49,'Internal test 1',0,9);
INSERT INTO info_marks VALUES(50,'Internal test 2',0,9);
INSERT INTO info_marks VALUES(51,'Internal test 3',0,9);
INSERT INTO info_marks VALUES(52,'Event 1',0,9);
INSERT INTO info_marks VALUES(53,'Event 2',0,9);
INSERT INTO info_marks VALUES(54,'Semester End Exam',0,9);
INSERT INTO info_marks VALUES(55,'Internal test 1',0,10);
INSERT INTO info_marks VALUES(56,'Internal test 2',0,10);
INSERT INTO info_marks VALUES(57,'Internal test 3',0,10);
INSERT INTO info_marks VALUES(58,'Event 1',0,10);
INSERT INTO info_marks VALUES(59,'Event 2',0,10);
INSERT INTO info_marks VALUES(60,'Semester End Exam',0,10);
INSERT INTO info_marks VALUES(61,'Internal test 1',0,11);
INSERT INTO info_marks VALUES(62,'Internal test 2',0,11);
INSERT INTO info_marks VALUES(63,'Internal test 3',0,11);
INSERT INTO info_marks VALUES(64,'Event 1',0,11);
INSERT INTO info_marks VALUES(65,'Event 2',0,11);
INSERT INTO info_marks VALUES(66,'Semester End Exam',0,11);
INSERT INTO info_marks VALUES(67,'Internal test 1',0,12);
INSERT INTO info_marks VALUES(68,'Internal test 2',0,12);
INSERT INTO info_marks VALUES(69,'Internal test 3',0,12);
INSERT INTO info_marks VALUES(70,'Event 1',0,12);
INSERT INTO info_marks VALUES(71,'Event 2',0,12);
INSERT INTO info_marks VALUES(72,'Semester End Exam',0,12);
INSERT INTO info_marks VALUES(73,'Internal test 1',0,13);
INSERT INTO info_marks VALUES(74,'Internal test 2',0,13);
INSERT INTO info_marks VALUES(75,'Internal test 3',0,13);
INSERT INTO info_marks VALUES(76,'Event 1',0,13);
INSERT INTO info_marks VALUES(77,'Event 2',0,13);
INSERT INTO info_marks VALUES(78,'Semester End Exam',0,13);
INSERT INTO info_marks VALUES(79,'Internal test 1',0,14);
INSERT INTO info_marks VALUES(80,'Internal test 2',0,14);
INSERT INTO info_marks VALUES(81,'Internal test 3',0,14);
INSERT INTO info_marks VALUES(82,'Event 1',0,14);
INSERT INTO info_marks VALUES(83,'Event 2',0,14);
INSERT INTO info_marks VALUES(84,'Semester End Exam',0,14);
INSERT INTO info_marks VALUES(85,'Internal test 1',0,15);
INSERT INTO info_marks VALUES(86,'Internal test 2',0,15);
INSERT INTO info_marks VALUES(87,'Internal test 3',0,15);
INSERT INTO info_marks VALUES(88,'Event 1',0,15);
INSERT INTO info_marks VALUES(89,'Event 2',0,15);
INSERT INTO info_marks VALUES(90,'Semester End Exam',0,15);
INSERT INTO info_marks VALUES(91,'Internal test 1',0,16);
INSERT INTO info_marks VALUES(92,'Internal test 2',0,16);
INSERT INTO info_marks VALUES(93,'Internal test 3',0,16);
INSERT INTO info_marks VALUES(94,'Event 1',0,16);
INSERT INTO info_marks VALUES(95,'Event 2',0,16);
INSERT INTO info_marks VALUES(96,'Semester End Exam',0,16);
CREATE TABLE IF NOT EXISTS "info_course" ("id" varchar(50) NOT NULL PRIMARY KEY, "name" varchar(50) NOT NULL, "shortname" varchar(50) NOT NULL, "dept_id" varchar(100) NOT NULL REFERENCES "info_dept" ("id") DEFERRABLE INITIALLY DEFERRED);
INSERT INTO info_course VALUES('CS2001D','Logic Design','LD','1');
INSERT INTO info_course VALUES('CS2002D','Program Design','PD','1');
INSERT INTO info_course VALUES('CS2006D','Discrete Structures','DS','1');
INSERT INTO info_course VALUES('EC2001D','Electrical Networks','EN','2');
INSERT INTO info_course VALUES('EC2002D','Semiconductors','SC','2');
INSERT INTO info_course VALUES('ME2001D','Operations Research','OR','3');
INSERT INTO info_course VALUES('ME2002D','Fluid Mechanics','FM','3');
CREATE TABLE IF NOT EXISTS "info_class" ("id" varchar(100) NOT NULL PRIMARY KEY, "section" varchar(100) NOT NULL, "sem" integer NOT NULL, "dept_id" varchar(100) NOT NULL REFERENCES "info_dept" ("id") DEFERRABLE INITIALLY DEFERRED);
INSERT INTO info_class VALUES('1-1','J',1,'1');
INSERT INTO info_class VALUES('1-2','K',1,'1');
INSERT INTO info_class VALUES('1-3','J',2,'1');
INSERT INTO info_class VALUES('2-1','A',1,'2');
INSERT INTO info_class VALUES('2-2','B',2,'2');
INSERT INTO info_class VALUES('2-3','B',1,'2');
INSERT INTO info_class VALUES('3-1','C',1,'3');
INSERT INTO info_class VALUES('3-3','D',2,'3');
INSERT INTO info_class VALUES('3-2','C',2,'3');
CREATE TABLE IF NOT EXISTS "info_attendancetotal" ("id" integer NOT NULL PRIMARY KEY AUTOINCREMENT, "course_id" varchar(50) NOT NULL REFERENCES "info_course" ("id") DEFERRABLE INITIALLY DEFERRED, "student_id" varchar(100) NOT NULL REFERENCES "info_student" ("USN") DEFERRABLE INITIALLY DEFERRED);
INSERT INTO info_attendancetotal VALUES(2,'CS2006D','b170237cs');
INSERT INTO info_attendancetotal VALUES(3,'CS2006D','b170149cs');
INSERT INTO info_attendancetotal VALUES(4,'CS2006D','b170158cs');
INSERT INTO info_attendancetotal VALUES(5,'EC2002D','b170139cs');
CREATE TABLE IF NOT EXISTS "info_attendance" ("id" integer NOT NULL PRIMARY KEY AUTOINCREMENT, "date" date NOT NULL, "status" bool NOT NULL, "attendanceclass_id" integer NOT NULL REFERENCES "info_attendanceclass" ("id") DEFERRABLE INITIALLY DEFERRED, "course_id" varchar(50) NOT NULL REFERENCES "info_course" ("id") DEFERRABLE INITIALLY DEFERRED, "student_id" varchar(100) NOT NULL REFERENCES "info_student" ("USN") DEFERRABLE INITIALLY DEFERRED);
CREATE TABLE IF NOT EXISTS "django_admin_log" ("id" integer NOT NULL PRIMARY KEY AUTOINCREMENT, "action_time" datetime NOT NULL, "object_id" text NULL, "object_repr" varchar(200) NOT NULL, "change_message" text NOT NULL, "content_type_id" integer NULL REFERENCES "django_content_type" ("id") DEFERRABLE INITIALLY DEFERRED, "user_id" integer NOT NULL REFERENCES "info_user" ("id") DEFERRABLE INITIALLY DEFERRED, "action_flag" smallint unsigned NOT NULL CHECK ("action_flag" >= 0));
INSERT INTO django_admin_log VALUES(21,'2019-10-24 11:59:06.413506','1','Computer Science And Engineering','[{"added": {}}]',9,4,1);
INSERT INTO django_admin_log VALUES(22,'2019-10-24 11:59:45.965383','2','Electronics And Communication','[{"added": {}}]',9,4,1);
INSERT INTO django_admin_log VALUES(23,'2019-10-24 11:59:54.172758','3','Mechanical','[{"added": {}}]',9,4,1);
INSERT INTO django_admin_log VALUES(24,'2019-10-24 12:01:07.703507','1-1','Computer Science And Engineering : 12 12','[{"added": {}}]',7,4,1);
INSERT INTO django_admin_log VALUES(25,'2019-10-24 12:01:28.855021','1-1','Computer Science And Engineering : 12 12','',7,4,3);
INSERT INTO django_admin_log VALUES(26,'2019-10-24 12:01:55.202341','1-1','Computer Science And Engineering : 1 J','[{"added": {}}]',7,4,1);
INSERT INTO django_admin_log VALUES(27,'2019-10-24 12:02:22.715246','1-2','Computer Science And Engineering : 1 K','[{"added": {}}]',7,4,1);
INSERT INTO django_admin_log VALUES(28,'2019-10-24 12:02:48.478970','1-3','Computer Science And Engineering : 2 J','[{"added": {}}]',7,4,1);
INSERT INTO django_admin_log VALUES(29,'2019-10-24 12:03:24.326521','2-1','Electronics And Communication : 1 A','[{"added": {}}]',7,4,1);
INSERT INTO django_admin_log VALUES(30,'2019-10-24 12:03:39.663922','2-2','Electronics And Communication : 1 A','[{"added": {}}]',7,4,1);
INSERT INTO django_admin_log VALUES(31,'2019-10-24 12:03:53.562422','2-2','Electronics And Communication : 1 A','',7,4,3);
INSERT INTO django_admin_log VALUES(32,'2019-10-24 12:04:17.436329','2-2','Electronics And Communication : 2 B','[{"added": {}}]',7,4,1);
INSERT INTO django_admin_log VALUES(33,'2019-10-24 12:04:37.045409','2-3','Electronics And Communication : 1 B','[{"added": {}}]',7,4,1);
INSERT INTO django_admin_log VALUES(34,'2019-10-24 12:05:08.009243','3-1','Mechanical : 1 C','[{"added": {}}]',7,4,1);
INSERT INTO django_admin_log VALUES(35,'2019-10-24 12:05:31.439697','3-2','Mechanical : 2 D','[{"added": {}}]',7,4,1);
INSERT INTO django_admin_log VALUES(36,'2019-10-24 12:05:51.382141','3-3','Mechanical : 2 D','[{"added": {}}]',7,4,1);
INSERT INTO django_admin_log VALUES(37,'2019-10-24 12:06:15.548989','3-2','Mechanical : 2 D','',7,4,3);
INSERT INTO django_admin_log VALUES(38,'2019-10-24 12:06:36.137795','3-2','Mechanical : 2 C','[{"added": {}}]',7,4,1);
INSERT INTO django_admin_log VALUES(39,'2019-10-24 12:08:39.044758','CS2001D','Logic Design','[{"added": {}}]',8,4,1);
INSERT INTO django_admin_log VALUES(40,'2019-10-24 12:09:03.304312','CS2002D','Program Design','[{"added": {}}]',8,4,1);
INSERT INTO django_admin_log VALUES(41,'2019-10-24 12:10:37.233149','CS2006D','Discrete Structures','[{"added": {}}]',8,4,1);
INSERT INTO django_admin_log VALUES(42,'2019-10-24 12:11:31.581311','EC2001D','Electrical Networks','[{"added": {}}]',8,4,1);
INSERT INTO django_admin_log VALUES(43,'2019-10-24 12:12:02.141494','EC2002D','Semiconductors','[{"added": {}}]',8,4,1);
INSERT INTO django_admin_log VALUES(44,'2019-10-24 12:12:56.814036','ME2001D','Operations Research','[{"added": {}}]',8,4,1);
INSERT INTO django_admin_log VALUES(45,'2019-10-24 12:13:17.853090','ME2002D','Fluid Mechanics','[{"added": {}}]',8,4,1);
INSERT INTO django_admin_log VALUES(46,'2019-10-24 12:14:43.932517','5','sudeepks','[{"added": {}}]',1,4,1);
INSERT INTO django_admin_log VALUES(47,'2019-10-24 12:15:06.087956','CS1','Sudeep K S','[{"added": {}}]',14,4,1);
INSERT INTO django_admin_log VALUES(48,'2019-10-24 12:15:37.056449','6','gopakumarg','[{"added": {}}]',1,4,1);
INSERT INTO django_admin_log VALUES(49,'2019-10-24 12:15:56.140335','CS2','Gopakumar G','[{"added": {}}]',14,4,1);
INSERT INTO django_admin_log VALUES(50,'2019-10-24 12:16:33.345267','7','abdulnazeer','[{"added": {}}]',1,4,1);
INSERT INTO django_admin_log VALUES(51,'2019-10-24 12:16:52.466209','CS3','Abdul Nazeer','[{"added": {}}]',14,4,1);
INSERT INTO django_admin_log VALUES(52,'2019-10-24 12:17:18.045298','8','arun','[{"added": {}}]',1,4,1);
INSERT INTO django_admin_log VALUES(53,'2019-10-24 12:17:30.259937','EC1','Arun','[{"added": {}}]',14,4,1);
INSERT INTO django_admin_log VALUES(54,'2019-10-24 12:18:40.237848','9','rimy','[{"added": {}}]',1,4,1);
INSERT INTO django_admin_log VALUES(55,'2019-10-24 12:19:01.308059','EC2','Rimy','[{"added": {}}]',14,4,1);
INSERT INTO django_admin_log VALUES(56,'2019-10-24 12:19:45.968865','10','ramesh','[{"added": {}}]',1,4,1);
INSERT INTO django_admin_log VALUES(57,'2019-10-24 12:20:02.209979','ME1','Ramesh','[{"added": {}}]',14,4,1);
INSERT INTO django_admin_log VALUES(58,'2019-10-24 12:20:33.795778','11','shreya','[{"added": {}}]',1,4,1);
INSERT INTO django_admin_log VALUES(59,'2019-10-24 12:20:52.098001','ME2','Shreya','[{"added": {}}]',14,4,1);
INSERT INTO django_admin_log VALUES(60,'2019-10-24 12:22:39.239357','12','roshan','[{"added": {}}]',1,4,1);
INSERT INTO django_admin_log VALUES(61,'2019-10-24 12:23:24.829256','b170237cs','Roshan R','[{"added": {}}]',12,4,1);
INSERT INTO django_admin_log VALUES(62,'2019-10-24 12:23:44.089411','13','midhun','[{"added": {}}]',1,4,1);
INSERT INTO django_admin_log VALUES(63,'2019-10-24 12:24:13.810023','b170149cs','Midhun Martin','[{"added": {}}]',12,4,1);
INSERT INTO django_admin_log VALUES(64,'2019-10-24 12:25:09.572451','14','athul','[{"added": {}}]',1,4,1);
INSERT INTO django_admin_log VALUES(65,'2019-10-24 12:25:41.144564','b170158cs','Athul Krishna','[{"added": {}}]',12,4,1);
INSERT INTO django_admin_log VALUES(66,'2019-10-24 12:26:15.317369','15','tarun','[{"added": {}}]',1,4,1);
INSERT INTO django_admin_log VALUES(67,'2019-10-24 12:27:12.114365','b170388cs','Tarun Verma','[{"added": {}}]',12,4,1);
INSERT INTO django_admin_log VALUES(68,'2019-10-24 12:27:38.084740','16','shuhaib','[{"added": {}}]',1,4,1);
INSERT INTO django_admin_log VALUES(69,'2019-10-24 12:28:01.798710','b170150cs','Shuhaib K S','[{"added": {}}]',12,4,1);
INSERT INTO django_admin_log VALUES(70,'2019-10-24 12:28:42.153307','17','faris','[{"added": {}}]',1,4,1);
INSERT INTO django_admin_log VALUES(71,'2019-10-24 12:29:15.565700','b160031cs','Faris S','[{"added": {}}]',12,4,1);
INSERT INTO django_admin_log VALUES(72,'2019-10-24 12:30:17.731223','18','vignesh','[{"added": {}}]',1,4,1);
INSERT INTO django_admin_log VALUES(73,'2019-10-24 12:30:54.308684','b170123cs','Vignesh','[{"added": {}}]',12,4,1);
INSERT INTO django_admin_log VALUES(74,'2019-10-24 12:31:19.165045','19','sanker','[{"added": {}}]',1,4,1);
INSERT INTO django_admin_log VALUES(75,'2019-10-24 12:32:04.841232','b170011ec','Sanker','[{"added": {}}]',12,4,1);
INSERT INTO django_admin_log VALUES(76,'2019-10-24 12:33:32.602107','b170123cs','Vignesh','',12,4,3);
INSERT INTO django_admin_log VALUES(77,'2019-10-24 12:34:00.587939','b170123ec','Vignesh','[{"added": {}}]',12,4,1);
INSERT INTO django_admin_log VALUES(78,'2019-10-24 12:34:21.379168','20','arjun','[{"added": {}}]',1,4,1);
INSERT INTO django_admin_log VALUES(79,'2019-10-24 12:35:08.613305','b170139cs','Arjun U S','[{"added": {}}]',12,4,1);
INSERT INTO django_admin_log VALUES(80,'2019-10-24 12:36:13.815367','21','anjana','[{"added": {}}]',1,4,1);
INSERT INTO django_admin_log VALUES(81,'2019-10-24 12:36:43.795708','b170011me','Anjana V','[{"added": {}}]',12,4,1);
INSERT INTO django_admin_log VALUES(82,'2019-10-24 12:37:26.341812','22','robin','[{"added": {}}]',1,4,1);
INSERT INTO django_admin_log VALUES(83,'2019-10-24 12:38:02.401633','b170140cs','Robin A J','[{"added": {}}]',12,4,1);
INSERT INTO django_admin_log VALUES(84,'2019-10-24 12:38:52.276434','23','abin','[{"added": {}}]',1,4,1);
INSERT INTO django_admin_log VALUES(85,'2019-10-24 12:39:36.723092','b160111me','Abin K P','[{"added": {}}]',12,4,1);
INSERT INTO django_admin_log VALUES(86,'2019-10-24 12:41:17.247325','b170123ec','Vignesh','[{"changed": {"fields": ["class_id"]}}]',12,4,2);
INSERT INTO django_admin_log VALUES(87,'2019-10-24 12:45:24.022038','2','Abdul Nazeer : LD : Computer Science And Engineering : 1 J','[{"added": {}}]',2,4,1);
INSERT INTO django_admin_log VALUES(88,'2019-10-24 12:47:44.551390','2','Abdul Nazeer : LD : Computer Science And Engineering : 1 J','[{"added": {"name": "assign time", "object": "AssignTime object (1)"}}, {"added": {"name": "assign time", "object": "AssignTime object (2)"}}, {"added": {"name": "assign time", "object": "AssignTime object (3)"}}]',2,4,2);
INSERT INTO django_admin_log VALUES(89,'2019-10-24 12:49:44.499213','3','Abdul Nazeer : PD : Computer Science And Engineering : 1 K','[{"added": {}}, {"added": {"name": "assign time", "object": "AssignTime object (4)"}}, {"added": {"name": "assign time", "object": "AssignTime object (5)"}}, {"added": {"name": "assign time", "object": "AssignTime object (6)"}}]',2,4,1);
INSERT INTO django_admin_log VALUES(90,'2019-10-24 12:51:06.505587','4','Sudeep K S : DS : Computer Science And Engineering : 1 J','[{"added": {}}, {"added": {"name": "assign time", "object": "AssignTime object (7)"}}, {"added": {"name": "assign time", "object": "AssignTime object (8)"}}, {"added": {"name": "assign time", "object": "AssignTime object (9)"}}]',2,4,1);
INSERT INTO django_admin_log VALUES(91,'2019-10-24 12:52:21.866507','5','Gopakumar G : PD : Computer Science And Engineering : 2 J','[{"added": {}}, {"added": {"name": "assign time", "object": "AssignTime object (10)"}}, {"added": {"name": "assign time", "object": "AssignTime object (11)"}}, {"added": {"name": "assign time", "object": "AssignTime object (12)"}}]',2,4,1);
INSERT INTO django_admin_log VALUES(92,'2019-10-24 12:53:27.941685','6','Arun : EN : Electronics And Communication : 1 A','[{"added": {}}, {"added": {"name": "assign time", "object": "AssignTime object (13)"}}, {"added": {"name": "assign time", "object": "AssignTime object (14)"}}, {"added": {"name": "assign time", "object": "AssignTime object (15)"}}]',2,4,1);
INSERT INTO django_admin_log VALUES(93,'2019-10-24 12:55:03.475598','7','Rimy : SC : Electronics And Communication : 2 B','[{"added": {}}, {"added": {"name": "assign time", "object": "AssignTime object (16)"}}, {"added": {"name": "assign time", "object": "AssignTime object (17)"}}, {"added": {"name": "assign time", "object": "AssignTime object (18)"}}]',2,4,1);
INSERT INTO django_admin_log VALUES(94,'2019-10-24 12:56:05.039170','8','Arun : SC : Electronics And Communication : 1 B','[{"added": {}}, {"added": {"name": "assign time", "object": "AssignTime object (19)"}}, {"added": {"name": "assign time", "object": "AssignTime object (20)"}}, {"added": {"name": "assign time", "object": "AssignTime object (21)"}}]',2,4,1);
INSERT INTO django_admin_log VALUES(95,'2019-10-24 12:56:36.396410','9','Shreya : OR : Mechanical : 1 C','[{"added": {}}, {"added": {"name": "assign time", "object": "AssignTime object (22)"}}, {"added": {"name": "assign time", "object": "AssignTime object (23)"}}, {"added": {"name": "assign time", "object": "AssignTime object (24)"}}]',2,4,1);
INSERT INTO django_admin_log VALUES(96,'2019-10-24 12:57:37.609072','10','Shreya : FM : Mechanical : 2 C','[{"added": {}}, {"added": {"name": "assign time", "object": "AssignTime object (25)"}}, {"added": {"name": "assign time", "object": "AssignTime object (26)"}}, {"added": {"name": "assign time", "object": "AssignTime object (27)"}}]',2,4,1);
INSERT INTO django_admin_log VALUES(97,'2019-10-24 12:58:40.805553','11','Ramesh : OR : Mechanical : 2 D','[{"added": {}}, {"added": {"name": "assign time", "object": "AssignTime object (28)"}}, {"added": {"name": "assign time", "object": "AssignTime object (29)"}}, {"added": {"name": "assign time", "object": "AssignTime object (30)"}}]',2,4,1);
CREATE TABLE IF NOT EXISTS "auth_group" ("id" integer NOT NULL PRIMARY KEY AUTOINCREMENT, "name" varchar(150) NOT NULL UNIQUE);
CREATE TABLE IF NOT EXISTS "info_student" ("USN" varchar(100) NOT NULL PRIMARY KEY, "name" varchar(200) NOT NULL, "sex" varchar(50) NOT NULL, "class_id_id" varchar(100) NOT NULL REFERENCES "info_class" ("id") DEFERRABLE INITIALLY DEFERRED, "user_id" integer NULL UNIQUE REFERENCES "info_user" ("id") DEFERRABLE INITIALLY DEFERRED, "DOB" date NOT NULL);
INSERT INTO info_student VALUES('b170237cs','Roshan R','Male','1-1',12,'1999-06-06');
INSERT INTO info_student VALUES('b170149cs','Midhun Martin','Male','1-1',13,'2000-01-01');
INSERT INTO info_student VALUES('b170158cs','Athul Krishna','Male','1-1',14,'1999-03-01');
INSERT INTO info_student VALUES('b170388cs','Tarun Verma','Male','1-2',15,'1999-01-01');
INSERT INTO info_student VALUES('b170150cs','Shuhaib K S','Male','1-2',16,'1998-01-01');
INSERT INTO info_student VALUES('b160031cs','Faris S','Male','1-3',17,'1997-01-01');
INSERT INTO info_student VALUES('b170011ec','Sanker','Male','2-1',19,'1998-01-01');
INSERT INTO info_student VALUES('b170123ec','Vignesh','Male','2-3',18,'1998-01-01');
INSERT INTO info_student VALUES('b170139cs','Arjun U S','Male','2-2',20,'1998-01-01');
INSERT INTO info_student VALUES('b170011me','Anjana V','Female','3-1',21,'1998-01-01');
INSERT INTO info_student VALUES('b170140cs','Robin A J','Male','3-2',22,'1998-01-01');
INSERT INTO info_student VALUES('b160111me','Abin K P','Male','3-3',23,'1998-01-01');
CREATE TABLE IF NOT EXISTS "info_assign" ("id" integer NOT NULL PRIMARY KEY AUTOINCREMENT, "class_id_id" varchar(100) NOT NULL REFERENCES "info_class" ("id") DEFERRABLE INITIALLY DEFERRED, "course_id" varchar(50) NOT NULL REFERENCES "info_course" ("id") DEFERRABLE INITIALLY DEFERRED, "teacher_id" varchar(100) NOT NULL REFERENCES "info_teacher" ("id") DEFERRABLE INITIALLY DEFERRED);
INSERT INTO info_assign VALUES(2,'1-1','CS2001D','CS3');
INSERT INTO info_assign VALUES(3,'1-2','CS2002D','CS3');
INSERT INTO info_assign VALUES(4,'1-1','CS2006D','CS1');
INSERT INTO info_assign VALUES(5,'1-3','CS2002D','CS2');
INSERT INTO info_assign VALUES(6,'2-1','EC2001D','EC1');
INSERT INTO info_assign VALUES(7,'2-2','EC2002D','EC2');
INSERT INTO info_assign VALUES(8,'2-3','EC2002D','EC1');
INSERT INTO info_assign VALUES(9,'3-1','ME2001D','ME2');
INSERT INTO info_assign VALUES(10,'3-2','ME2002D','ME2');
INSERT INTO info_assign VALUES(11,'3-3','ME2001D','ME1');
CREATE TABLE IF NOT EXISTS "info_assigntime" ("id" integer NOT NULL PRIMARY KEY AUTOINCREMENT, "period" varchar(50) NOT NULL, "assign_id" integer NOT NULL REFERENCES "info_assign" ("id") DEFERRABLE INITIALLY DEFERRED, "day" varchar(15) NOT NULL);
INSERT INTO info_assigntime VALUES(1,'11:00 - 11:50',2,'Monday');
INSERT INTO info_assigntime VALUES(2,'7:30 - 8:30',2,'Wednesday');
INSERT INTO info_assigntime VALUES(3,'11:50 - 12:40',2,'Thursday');
INSERT INTO info_assigntime VALUES(4,'8:30 - 9:30',3,'Monday');
INSERT INTO info_assigntime VALUES(5,'2:30 - 3:30',3,'Tuesday');
INSERT INTO info_assigntime VALUES(6,'9:30 - 10:30',3,'Friday');
INSERT INTO info_assigntime VALUES(7,'9:30 - 10:30',4,'Tuesday');
INSERT INTO info_assigntime VALUES(8,'8:30 - 9:30',4,'Wednesday');
INSERT INTO info_assigntime VALUES(9,'2:30 - 3:30',4,'Friday');
INSERT INTO info_assigntime VALUES(10,'8:30 - 9:30',5,'Wednesday');
INSERT INTO info_assigntime VALUES(11,'2:30 - 3:30',5,'Thursday');
INSERT INTO info_assigntime VALUES(12,'11:00 - 11:50',5,'Friday');
INSERT INTO info_assigntime VALUES(13,'11:00 - 11:50',6,'Monday');
INSERT INTO info_assigntime VALUES(14,'8:30 - 9:30',6,'Wednesday');
INSERT INTO info_assigntime VALUES(15,'11:00 - 11:50',6,'Thursday');
INSERT INTO info_assigntime VALUES(16,'9:30 - 10:30',7,'Monday');
INSERT INTO info_assigntime VALUES(17,'12:40 - 1:30',7,'Tuesday');
INSERT INTO info_assigntime VALUES(18,'2:30 - 3:30',7,'Thursday');
INSERT INTO info_assigntime VALUES(19,'2:30 - 3:30',8,'Tuesday');
INSERT INTO info_assigntime VALUES(20,'9:30 - 10:30',8,'Thursday');
INSERT INTO info_assigntime VALUES(21,'8:30 - 9:30',8,'Friday');
INSERT INTO info_assigntime VALUES(22,'11:00 - 11:50',9,'Monday');
INSERT INTO info_assigntime VALUES(23,'11:00 - 11:50',9,'Tuesday');
INSERT INTO info_assigntime VALUES(24,'11:00 - 11:50',9,'Wednesday');
INSERT INTO info_assigntime VALUES(25,'8:30 - 9:30',10,'Wednesday');
INSERT INTO info_assigntime VALUES(26,'8:30 - 9:30',10,'Thursday');
INSERT INTO info_assigntime VALUES(27,'8:30 - 9:30',10,'Friday');
INSERT INTO info_assigntime VALUES(28,'4:30 - 5:30',11,'Wednesday');
INSERT INTO info_assigntime VALUES(29,'3:30 - 4:30',11,'Thursday');
INSERT INTO info_assigntime VALUES(30,'9:30 - 10:30',11,'Friday');
CREATE TABLE IF NOT EXISTS "info_teacher" ("id" varchar(100) NOT NULL PRIMARY KEY, "name" varchar(100) NOT NULL, "sex" varchar(50) NOT NULL, "DOB" date NOT NULL, "user_id" integer NULL UNIQUE REFERENCES "info_user" ("id") DEFERRABLE INITIALLY DEFERRED, "dept_id" varchar(100) NOT NULL REFERENCES "info_dept" ("id") DEFERRABLE INITIALLY DEFERRED);
INSERT INTO info_teacher VALUES('CS1','Sudeep K S','Male','1980-01-01',5,'1');
INSERT INTO info_teacher VALUES('CS2','Gopakumar G','Male','1980-01-01',6,'1');
INSERT INTO info_teacher VALUES('CS3','Abdul Nazeer','Male','1980-01-01',7,'1');
INSERT INTO info_teacher VALUES('EC1','Arun','Male','1980-01-01',8,'2');
INSERT INTO info_teacher VALUES('EC2','Rimy','Female','1980-01-01',9,'2');
INSERT INTO info_teacher VALUES('ME1','Ramesh','Male','1980-01-01',10,'3');
INSERT INTO info_teacher VALUES('ME2','Shreya','Female','1980-01-01',11,'3');
CREATE TABLE IF NOT EXISTS "django_session" ("session_key" varchar(40) NOT NULL PRIMARY KEY, "session_data" text NOT NULL, "expire_date" datetime NOT NULL);
INSERT INTO django_session VALUES('xjtlx8d8qbln4hgq92p2ejl4eq3l2yuu','Y2Y1NDk3NzhjNDllYTcwNmJlMjU5NWRmYzRjZmM0ZTA4MDQwMzljNTp7Il9hdXRoX3VzZXJfaWQiOiIyIiwiX2F1dGhfdXNlcl9iYWNrZW5kIjoiZGphbmdvLmNvbnRyaWIuYXV0aC5iYWNrZW5kcy5Nb2RlbEJhY2tlbmQiLCJfYXV0aF91c2VyX2hhc2giOiJlMTkzOGEzOTEwMzBhMGE4OTUzYjY1ZWI0YTg1MzgwYTc3YWZmZTU3In0=','2019-11-06 16:30:50.198512');
INSERT INTO django_session VALUES('9rl7fpho00o56n2hft5zm53rkqs2kj8z','ODBjOGM2MmRiOThmMWE1MTk4MzQ1MTU1NDk0NjhiYzI1MTU0NjA4Mzp7Il9hdXRoX3VzZXJfaWQiOiIyMCIsIl9hdXRoX3VzZXJfYmFja2VuZCI6ImRqYW5nby5jb250cmliLmF1dGguYmFja2VuZHMuTW9kZWxCYWNrZW5kIiwiX2F1dGhfdXNlcl9oYXNoIjoiYjAzODIzNTBjMDFkOTkzNDNiZmQ3ZGJhYzA5MTM0MTRmNDFkNDQ4MCJ9','2019-11-07 13:02:11.489007');
DELETE FROM sqlite_sequence;
INSERT INTO sqlite_sequence VALUES('django_migrations',30);
INSERT INTO sqlite_sequence VALUES('django_content_type',19);
INSERT INTO sqlite_sequence VALUES('auth_permission',76);
INSERT INTO sqlite_sequence VALUES('info_marks',96);
INSERT INTO sqlite_sequence VALUES('info_attendancetotal',5);
INSERT INTO sqlite_sequence VALUES('info_attendance',0);
INSERT INTO sqlite_sequence VALUES('django_admin_log',97);
INSERT INTO sqlite_sequence VALUES('auth_group',0);
INSERT INTO sqlite_sequence VALUES('info_assign',11);
INSERT INTO sqlite_sequence VALUES('info_assigntime',30);
INSERT INTO sqlite_sequence VALUES('info_user',23);
INSERT INTO sqlite_sequence VALUES('info_studentcourse',16);
INSERT INTO sqlite_sequence VALUES('info_marksclass',66);
INSERT INTO sqlite_sequence VALUES('info_attendanceclass',524);
CREATE UNIQUE INDEX "django_content_type_app_label_model_76bd3d3b_uniq" ON "django_content_type" ("app_label", "model");
CREATE UNIQUE INDEX "auth_group_permissions_group_id_permission_id_0cd325b0_uniq" ON "auth_group_permissions" ("group_id", "permission_id");
CREATE INDEX "auth_group_permissions_group_id_b120cbf9" ON "auth_group_permissions" ("group_id");
CREATE INDEX "auth_group_permissions_permission_id_84c5c92e" ON "auth_group_permissions" ("permission_id");
CREATE UNIQUE INDEX "auth_permission_content_type_id_codename_01ab375a_uniq" ON "auth_permission" ("content_type_id", "codename");
CREATE INDEX "auth_permission_content_type_id_2f476e4b" ON "auth_permission" ("content_type_id");
CREATE UNIQUE INDEX "info_user_groups_user_id_group_id_1b352364_uniq" ON "info_user_groups" ("user_id", "group_id");
CREATE INDEX "info_user_groups_user_id_583ab83a" ON "info_user_groups" ("user_id");
CREATE INDEX "info_user_groups_group_id_40dffdbb" ON "info_user_groups" ("group_id");
CREATE UNIQUE INDEX "info_user_user_permissions_user_id_permission_id_86ac821e_uniq" ON "info_user_user_permissions" ("user_id", "permission_id");
CREATE INDEX "info_user_user_permissions_user_id_ffc10b58" ON "info_user_user_permissions" ("user_id");
CREATE INDEX "info_user_user_permissions_permission_id_839364f4" ON "info_user_user_permissions" ("permission_id");
CREATE INDEX "info_attendanceclass_assign_id_8241361c" ON "info_attendanceclass" ("assign_id");
CREATE INDEX "info_marksclass_assign_id_06c0e888" ON "info_marksclass" ("assign_id");
CREATE INDEX "info_studentcourse_course_id_2aac8b3b" ON "info_studentcourse" ("course_id");
CREATE INDEX "info_studentcourse_student_id_824a5a25" ON "info_studentcourse" ("student_id");
CREATE INDEX "info_marks_studentcourse_id_9db4f113" ON "info_marks" ("studentcourse_id");
CREATE INDEX "info_course_dept_id_8783e216" ON "info_course" ("dept_id");
CREATE INDEX "info_class_dept_id_eac78ba6" ON "info_class" ("dept_id");
CREATE INDEX "info_attendancetotal_course_id_d7c45376" ON "info_attendancetotal" ("course_id");
CREATE INDEX "info_attendancetotal_student_id_47e719b1" ON "info_attendancetotal" ("student_id");
CREATE INDEX "info_attendance_attendanceclass_id_165ae557" ON "info_attendance" ("attendanceclass_id");
CREATE INDEX "info_attendance_course_id_862fb2a9" ON "info_attendance" ("course_id");
CREATE INDEX "info_attendance_student_id_a3848ef5" ON "info_attendance" ("student_id");
CREATE INDEX "django_admin_log_content_type_id_c4bce8eb" ON "django_admin_log" ("content_type_id");
CREATE INDEX "django_admin_log_user_id_c564eba6" ON "django_admin_log" ("user_id");
CREATE INDEX "info_student_class_id_id_49fe47c8" ON "info_student" ("class_id_id");
CREATE UNIQUE INDEX "info_studentcourse_student_id_course_id_96c683ba_uniq" ON "info_studentcourse" ("student_id", "course_id");
CREATE INDEX "info_assign_class_id_id_97445caa" ON "info_assign" ("class_id_id");
CREATE INDEX "info_assign_course_id_50da791d" ON "info_assign" ("course_id");
CREATE INDEX "info_assign_teacher_id_4cc729a9" ON "info_assign" ("teacher_id");
CREATE UNIQUE INDEX "info_assign_course_id_class_id_id_teacher_id_fd958bf0_uniq" ON "info_assign" ("course_id", "class_id_id", "teacher_id");
CREATE UNIQUE INDEX "info_marks_studentcourse_id_name_1091fffa_uniq" ON "info_marks" ("studentcourse_id", "name");
CREATE UNIQUE INDEX "info_marksclass_assign_id_name_e0207692_uniq" ON "info_marksclass" ("assign_id", "name");
CREATE UNIQUE INDEX "info_attendancetotal_student_id_course_id_f5461a1c_uniq" ON "info_attendancetotal" ("student_id", "course_id");
CREATE INDEX "info_assigntime_assign_id_dea972e8" ON "info_assigntime" ("assign_id");
CREATE INDEX "info_teacher_dept_id_e65acdf7" ON "info_teacher" ("dept_id");
CREATE INDEX "django_session_expire_date_a5c62663" ON "django_session" ("expire_date");
COMMIT;
