[{"model": "info.dept", "pk": "1", "fields": {"name": "CSE"}}, {"model": "info.course", "pk": "CS3001D", "fields": {"dept": "1", "name": "Design & Analysis of Algorithms", "shortname": "DAA"}}, {"model": "info.class", "pk": "1-1", "fields": {"dept": "1", "section": "A", "sem": 5}}, {"model": "info.assign", "pk": 1, "fields": {"class_id": "1-1", "course": "CS3001D", "teacher": "CS4"}}, {"model": "info.assigntime", "pk": 1, "fields": {"assign": 1, "period": "11:15 - 12:15", "day": "Monday"}}, {"model": "info.assigntime", "pk": 2, "fields": {"assign": 1, "period": "3:00 - 4:00", "day": "Thursday"}}, {"model": "info.assigntime", "pk": 3, "fields": {"assign": 1, "period": "10:15 - 11:15", "day": "Tuesday"}}, {"model": "info.attendanceclass", "pk": 1, "fields": {"assign": 1, "date": "2019-07-29", "status": 0}}, {"model": "info.attendanceclass", "pk": 2, "fields": {"assign": 1, "date": "2019-08-05", "status": 0}}, {"model": "info.attendanceclass", "pk": 3, "fields": {"assign": 1, "date": "2019-08-12", "status": 0}}, {"model": "info.attendanceclass", "pk": 4, "fields": {"assign": 1, "date": "2019-08-19", "status": 0}}, {"model": "info.attendanceclass", "pk": 5, "fields": {"assign": 1, "date": "2019-08-26", "status": 0}}, {"model": "info.attendanceclass", "pk": 6, "fields": {"assign": 1, "date": "2019-09-02", "status": 0}}, {"model": "info.attendanceclass", "pk": 7, "fields": {"assign": 1, "date": "2019-09-09", "status": 0}}, {"model": "info.attendanceclass", "pk": 8, "fields": {"assign": 1, "date": "2019-09-16", "status": 0}}, {"model": "info.attendanceclass", "pk": 9, "fields": {"assign": 1, "date": "2019-09-23", "status": 0}}, {"model": "info.attendanceclass", "pk": 10, "fields": {"assign": 1, "date": "2019-09-30", "status": 0}}, {"model": "info.attendanceclass", "pk": 11, "fields": {"assign": 1, "date": "2019-10-07", "status": 0}}, {"model": "info.attendanceclass", "pk": 12, "fields": {"assign": 1, "date": "2019-10-14", "status": 0}}, {"model": "info.attendanceclass", "pk": 13, "fields": {"assign": 1, "date": "2019-10-21", "status": 0}}, {"model": "info.attendanceclass", "pk": 14, "fields": {"assign": 1, "date": "2019-10-28", "status": 0}}, {"model": "info.attendanceclass", "pk": 15, "fields": {"assign": 1, "date": "2019-11-04", "status": 0}}, {"model": "info.attendanceclass", "pk": 16, "fields": {"assign": 1, "date": "2019-11-11", "status": 0}}, {"model": "info.attendanceclass", "pk": 17, "fields": {"assign": 1, "date": "2019-07-25", "status": 0}}, {"model": "info.attendanceclass", "pk": 18, "fields": {"assign": 1, "date": "2019-08-01", "status": 0}}, {"model": "info.attendanceclass", "pk": 19, "fields": {"assign": 1, "date": "2019-08-08", "status": 0}}, {"model": "info.attendanceclass", "pk": 20, "fields": {"assign": 1, "date": "2019-08-15", "status": 0}}, {"model": "info.attendanceclass", "pk": 21, "fields": {"assign": 1, "date": "2019-08-22", "status": 0}}, {"model": "info.attendanceclass", "pk": 22, "fields": {"assign": 1, "date": "2019-08-29", "status": 0}}, {"model": "info.attendanceclass", "pk": 23, "fields": {"assign": 1, "date": "2019-09-05", "status": 0}}, {"model": "info.attendanceclass", "pk": 24, "fields": {"assign": 1, "date": "2019-09-12", "status": 0}}, {"model": "info.attendanceclass", "pk": 25, "fields": {"assign": 1, "date": "2019-09-19", "status": 0}}, {"model": "info.attendanceclass", "pk": 26, "fields": {"assign": 1, "date": "2019-09-26", "status": 0}}, {"model": "info.attendanceclass", "pk": 27, "fields": {"assign": 1, "date": "2019-10-03", "status": 0}}, {"model": "info.attendanceclass", "pk": 28, "fields": {"assign": 1, "date": "2019-10-10", "status": 0}}, {"model": "info.attendanceclass", "pk": 29, "fields": {"assign": 1, "date": "2019-10-17", "status": 0}}, {"model": "info.attendanceclass", "pk": 30, "fields": {"assign": 1, "date": "2019-10-24", "status": 0}}, {"model": "info.attendanceclass", "pk": 31, "fields": {"assign": 1, "date": "2019-10-31", "status": 0}}, {"model": "info.attendanceclass", "pk": 32, "fields": {"assign": 1, "date": "2019-11-07", "status": 0}}, {"model": "info.attendanceclass", "pk": 33, "fields": {"assign": 1, "date": "2019-07-23", "status": 0}}, {"model": "info.attendanceclass", "pk": 34, "fields": {"assign": 1, "date": "2019-07-30", "status": 0}}, {"model": "info.attendanceclass", "pk": 35, "fields": {"assign": 1, "date": "2019-08-06", "status": 0}}, {"model": "info.attendanceclass", "pk": 36, "fields": {"assign": 1, "date": "2019-08-13", "status": 0}}, {"model": "info.attendanceclass", "pk": 37, "fields": {"assign": 1, "date": "2019-08-20", "status": 0}}, {"model": "info.attendanceclass", "pk": 38, "fields": {"assign": 1, "date": "2019-08-27", "status": 0}}, {"model": "info.attendanceclass", "pk": 39, "fields": {"assign": 1, "date": "2019-09-03", "status": 0}}, {"model": "info.attendanceclass", "pk": 40, "fields": {"assign": 1, "date": "2019-09-10", "status": 0}}, {"model": "info.attendanceclass", "pk": 41, "fields": {"assign": 1, "date": "2019-09-17", "status": 0}}, {"model": "info.attendanceclass", "pk": 42, "fields": {"assign": 1, "date": "2019-09-24", "status": 0}}, {"model": "info.attendanceclass", "pk": 43, "fields": {"assign": 1, "date": "2019-10-01", "status": 0}}, {"model": "info.attendanceclass", "pk": 44, "fields": {"assign": 1, "date": "2019-10-08", "status": 0}}, {"model": "info.attendanceclass", "pk": 45, "fields": {"assign": 1, "date": "2019-10-15", "status": 0}}, {"model": "info.attendanceclass", "pk": 46, "fields": {"assign": 1, "date": "2019-10-22", "status": 0}}, {"model": "info.attendanceclass", "pk": 47, "fields": {"assign": 1, "date": "2019-10-29", "status": 0}}, {"model": "info.attendanceclass", "pk": 48, "fields": {"assign": 1, "date": "2019-11-05", "status": 0}}, {"model": "info.attendanceclass", "pk": 49, "fields": {"assign": 1, "date": "2019-11-12", "status": 0}}, {"model": "info.attendanceclass", "pk": 50, "fields": {"assign": 1, "date": "2019-10-26", "status": 1}}, {"model": "info.attendance", "pk": 1, "fields": {"course": "CS3001D", "student": "b170388cs", "attendanceclass": 50, "date": "2019-10-26", "status": true}}, {"model": "info.attendancetotal", "pk": 1, "fields": {"course": "CS3001D", "student": "b170388cs"}}, {"model": "info.attendancetotal", "pk": 2, "fields": {"course": "CS3001D", "student": "B170237CS"}}, {"model": "info.studentcourse", "pk": 1, "fields": {"student": "b170388cs", "course": "CS3001D"}}, {"model": "info.studentcourse", "pk": 2, "fields": {"student": "B170237CS", "course": "CS3001D"}}, {"model": "info.marks", "pk": 1, "fields": {"studentcourse": 1, "name": "Mid Term", "marks1": 16}}, {"model": "info.marks", "pk": 2, "fields": {"studentcourse": 1, "name": "Project", "marks1": 8}}, {"model": "info.marks", "pk": 3, "fields": {"studentcourse": 1, "name": "Internals", "marks1": 0}}, {"model": "info.marks", "pk": 4, "fields": {"studentcourse": 1, "name": "End Semester Exam", "marks1": 0}}, {"model": "info.marks", "pk": 5, "fields": {"studentcourse": 2, "name": "Mid Term", "marks1": 5}}, {"model": "info.marks", "pk": 6, "fields": {"studentcourse": 2, "name": "Project", "marks1": 5}}, {"model": "info.marks", "pk": 7, "fields": {"studentcourse": 2, "name": "Internals", "marks1": 5}}, {"model": "info.marks", "pk": 8, "fields": {"studentcourse": 2, "name": "End Semester Exam", "marks1": 5}}, {"model": "info.marksclass", "pk": 1, "fields": {"assign": 1, "name": "Mid Term", "status": true}}, {"model": "info.marksclass", "pk": 2, "fields": {"assign": 1, "name": "Project", "status": true}}, {"model": "info.marksclass", "pk": 3, "fields": {"assign": 1, "name": "Internals", "status": true}}, {"model": "info.marksclass", "pk": 4, "fields": {"assign": 1, "name": "End Semester Exam", "status": true}}, {"model": "contenttypes.contenttype", "pk": 1, "fields": {"app_label": "info", "model": "user"}}, {"model": "contenttypes.contenttype", "pk": 2, "fields": {"app_label": "info", "model": "assign"}}, {"model": "contenttypes.contenttype", "pk": 3, "fields": {"app_label": "info", "model": "class"}}, {"model": "contenttypes.contenttype", "pk": 4, "fields": {"app_label": "info", "model": "course"}}, {"model": "contenttypes.contenttype", "pk": 5, "fields": {"app_label": "info", "model": "dept"}}, {"model": "contenttypes.contenttype", "pk": 6, "fields": {"app_label": "info", "model": "student"}}, {"model": "contenttypes.contenttype", "pk": 7, "fields": {"app_label": "info", "model": "teacher"}}, {"model": "contenttypes.contenttype", "pk": 8, "fields": {"app_label": "info", "model": "studentcourse"}}, {"model": "contenttypes.contenttype", "pk": 9, "fields": {"app_label": "info", "model": "attendanceclass"}}, {"model": "contenttypes.contenttype", "pk": 10, "fields": {"app_label": "info", "model": "attendance"}}, {"model": "contenttypes.contenttype", "pk": 11, "fields": {"app_label": "info", "model": "assigntime"}}, {"model": "contenttypes.contenttype", "pk": 12, "fields": {"app_label": "info", "model": "marksclass"}}, {"model": "contenttypes.contenttype", "pk": 13, "fields": {"app_label": "info", "model": "marks"}}, {"model": "contenttypes.contenttype", "pk": 14, "fields": {"app_label": "info", "model": "attendancetotal"}}, {"model": "contenttypes.contenttype", "pk": 15, "fields": {"app_label": "admin", "model": "logentry"}}, {"model": "contenttypes.contenttype", "pk": 16, "fields": {"app_label": "auth", "model": "permission"}}, {"model": "contenttypes.contenttype", "pk": 17, "fields": {"app_label": "auth", "model": "group"}}, {"model": "contenttypes.contenttype", "pk": 18, "fields": {"app_label": "contenttypes", "model": "contenttype"}}, {"model": "contenttypes.contenttype", "pk": 19, "fields": {"app_label": "sessions", "model": "session"}}, {"model": "sessions.session", "pk": "3frneiuj68teq3futndltb5v4kkfan3h", "fields": {"session_data": "ZmZjMTAyNDdlZjgxMmVlZDdmZmZhMWIzNWU5ZmU0ZDZjNWNjMTFkYjp7Il9hdXRoX3VzZXJfaWQiOiI0IiwiX2F1dGhfdXNlcl9iYWNrZW5kIjoiZGphbmdvLmNvbnRyaWIuYXV0aC5iYWNrZW5kcy5Nb2RlbEJhY2tlbmQiLCJfYXV0aF91c2VyX2hhc2giOiI4MmIzYTk4ZGIwYzFiNTAxZTg5YjRiNDY0YmU1ZDNlM2QyZDY4ZTI0In0=", "expire_date": "2019-11-23T09:27:45.584Z"}}, {"model": "sessions.session", "pk": "3rshb772ncxacd91yxva1ays3pvm6h5z", "fields": {"session_data": "NmIzMzgxZmU3ZDJlZGJmYjI0MjA2ODlkYzNiZDFiYTgzMTI1ZmI5Mzp7Il9hdXRoX3VzZXJfaWQiOiIxIiwiX2F1dGhfdXNlcl9iYWNrZW5kIjoiZGphbmdvLmNvbnRyaWIuYXV0aC5iYWNrZW5kcy5Nb2RlbEJhY2tlbmQiLCJfYXV0aF91c2VyX2hhc2giOiI5Zjg1Zjc2ZGZlMTliZGM3Y2Y1ZDRkYzI1OWIyZjgyZGM4Y2MzN2MxIn0=", "expire_date": "2019-11-12T12:10:47.938Z"}}, {"model": "sessions.session", "pk": "7i53fna1zx5oucen84phppvgwsqypsvr", "fields": {"session_data": "ZmZjMTAyNDdlZjgxMmVlZDdmZmZhMWIzNWU5ZmU0ZDZjNWNjMTFkYjp7Il9hdXRoX3VzZXJfaWQiOiI0IiwiX2F1dGhfdXNlcl9iYWNrZW5kIjoiZGphbmdvLmNvbnRyaWIuYXV0aC5iYWNrZW5kcy5Nb2RlbEJhY2tlbmQiLCJfYXV0aF91c2VyX2hhc2giOiI4MmIzYTk4ZGIwYzFiNTAxZTg5YjRiNDY0YmU1ZDNlM2QyZDY4ZTI0In0=", "expire_date": "2019-11-23T09:06:36.166Z"}}, {"model": "sessions.session", "pk": "7kqnu9tljwwdtm04z0ty6zmaixqpufwz", "fields": {"session_data": "YmRlMGU1YWE0OTY2MTJkYzUxYWZiYzliOTZiYzQ5MTIwMjE4MDI2Nzp7Il9hdXRoX3VzZXJfaWQiOiIyIiwiX2F1dGhfdXNlcl9iYWNrZW5kIjoiZGphbmdvLmNvbnRyaWIuYXV0aC5iYWNrZW5kcy5Nb2RlbEJhY2tlbmQiLCJfYXV0aF91c2VyX2hhc2giOiI0ZjUwZTU5YmYxNzIyMTFkODgxYzEyNGM2NmRhYmVhZTJlYTgwOTJhIn0=", "expire_date": "2019-11-21T13:55:57.652Z"}}, {"model": "sessions.session", "pk": "7woz65l3i9wxkbtyaw2dcanvlxd934hb", "fields": {"session_data": "ZmZjMTAyNDdlZjgxMmVlZDdmZmZhMWIzNWU5ZmU0ZDZjNWNjMTFkYjp7Il9hdXRoX3VzZXJfaWQiOiI0IiwiX2F1dGhfdXNlcl9iYWNrZW5kIjoiZGphbmdvLmNvbnRyaWIuYXV0aC5iYWNrZW5kcy5Nb2RlbEJhY2tlbmQiLCJfYXV0aF91c2VyX2hhc2giOiI4MmIzYTk4ZGIwYzFiNTAxZTg5YjRiNDY0YmU1ZDNlM2QyZDY4ZTI0In0=", "expire_date": "2019-11-23T14:47:48.956Z"}}, {"model": "sessions.session", "pk": "iwbgx87zz1nvnpuhvyu37e4541bxchcv", "fields": {"session_data": "YmRlMGU1YWE0OTY2MTJkYzUxYWZiYzliOTZiYzQ5MTIwMjE4MDI2Nzp7Il9hdXRoX3VzZXJfaWQiOiIyIiwiX2F1dGhfdXNlcl9iYWNrZW5kIjoiZGphbmdvLmNvbnRyaWIuYXV0aC5iYWNrZW5kcy5Nb2RlbEJhY2tlbmQiLCJfYXV0aF91c2VyX2hhc2giOiI0ZjUwZTU5YmYxNzIyMTFkODgxYzEyNGM2NmRhYmVhZTJlYTgwOTJhIn0=", "expire_date": "2019-11-13T12:49:14.128Z"}}, {"model": "sessions.session", "pk": "l0h0azm4brpe8i1qd4abw2h2f3m6fxaw", "fields": {"session_data": "ZmZjMTAyNDdlZjgxMmVlZDdmZmZhMWIzNWU5ZmU0ZDZjNWNjMTFkYjp7Il9hdXRoX3VzZXJfaWQiOiI0IiwiX2F1dGhfdXNlcl9iYWNrZW5kIjoiZGphbmdvLmNvbnRyaWIuYXV0aC5iYWNrZW5kcy5Nb2RlbEJhY2tlbmQiLCJfYXV0aF91c2VyX2hhc2giOiI4MmIzYTk4ZGIwYzFiNTAxZTg5YjRiNDY0YmU1ZDNlM2QyZDY4ZTI0In0=", "expire_date": "2019-11-23T09:41:38.415Z"}}, {"model": "sessions.session", "pk": "wfmi9wcnhxo5z1b2zfdjf0j6ae13vfk1", "fields": {"session_data": "NmIzMzgxZmU3ZDJlZGJmYjI0MjA2ODlkYzNiZDFiYTgzMTI1ZmI5Mzp7Il9hdXRoX3VzZXJfaWQiOiIxIiwiX2F1dGhfdXNlcl9iYWNrZW5kIjoiZGphbmdvLmNvbnRyaWIuYXV0aC5iYWNrZW5kcy5Nb2RlbEJhY2tlbmQiLCJfYXV0aF91c2VyX2hhc2giOiI5Zjg1Zjc2ZGZlMTliZGM3Y2Y1ZDRkYzI1OWIyZjgyZGM4Y2MzN2MxIn0=", "expire_date": "2019-11-10T16:37:27.007Z"}}, {"model": "sessions.session", "pk": "xa8oniq292hoenheqawv6d7c5a4frqwl", "fields": {"session_data": "ZmZjMTAyNDdlZjgxMmVlZDdmZmZhMWIzNWU5ZmU0ZDZjNWNjMTFkYjp7Il9hdXRoX3VzZXJfaWQiOiI0IiwiX2F1dGhfdXNlcl9iYWNrZW5kIjoiZGphbmdvLmNvbnRyaWIuYXV0aC5iYWNrZW5kcy5Nb2RlbEJhY2tlbmQiLCJfYXV0aF91c2VyX2hhc2giOiI4MmIzYTk4ZGIwYzFiNTAxZTg5YjRiNDY0YmU1ZDNlM2QyZDY4ZTI0In0=", "expire_date": "2019-11-23T09:08:23.494Z"}}, {"model": "auth.permission", "pk": 1, "fields": {"name": "Can add user", "content_type": 1, "codename": "add_user"}}, {"model": "auth.permission", "pk": 2, "fields": {"name": "Can change user", "content_type": 1, "codename": "change_user"}}, {"model": "auth.permission", "pk": 3, "fields": {"name": "Can delete user", "content_type": 1, "codename": "delete_user"}}, {"model": "auth.permission", "pk": 4, "fields": {"name": "Can view user", "content_type": 1, "codename": "view_user"}}, {"model": "auth.permission", "pk": 5, "fields": {"name": "Can add assign", "content_type": 2, "codename": "add_assign"}}, {"model": "auth.permission", "pk": 6, "fields": {"name": "Can change assign", "content_type": 2, "codename": "change_assign"}}, {"model": "auth.permission", "pk": 7, "fields": {"name": "Can delete assign", "content_type": 2, "codename": "delete_assign"}}, {"model": "auth.permission", "pk": 8, "fields": {"name": "Can view assign", "content_type": 2, "codename": "view_assign"}}, {"model": "auth.permission", "pk": 9, "fields": {"name": "Can add class", "content_type": 3, "codename": "add_class"}}, {"model": "auth.permission", "pk": 10, "fields": {"name": "Can change class", "content_type": 3, "codename": "change_class"}}, {"model": "auth.permission", "pk": 11, "fields": {"name": "Can delete class", "content_type": 3, "codename": "delete_class"}}, {"model": "auth.permission", "pk": 12, "fields": {"name": "Can view class", "content_type": 3, "codename": "view_class"}}, {"model": "auth.permission", "pk": 13, "fields": {"name": "Can add course", "content_type": 4, "codename": "add_course"}}, {"model": "auth.permission", "pk": 14, "fields": {"name": "Can change course", "content_type": 4, "codename": "change_course"}}, {"model": "auth.permission", "pk": 15, "fields": {"name": "Can delete course", "content_type": 4, "codename": "delete_course"}}, {"model": "auth.permission", "pk": 16, "fields": {"name": "Can view course", "content_type": 4, "codename": "view_course"}}, {"model": "auth.permission", "pk": 17, "fields": {"name": "Can add dept", "content_type": 5, "codename": "add_dept"}}, {"model": "auth.permission", "pk": 18, "fields": {"name": "Can change dept", "content_type": 5, "codename": "change_dept"}}, {"model": "auth.permission", "pk": 19, "fields": {"name": "Can delete dept", "content_type": 5, "codename": "delete_dept"}}, {"model": "auth.permission", "pk": 20, "fields": {"name": "Can view dept", "content_type": 5, "codename": "view_dept"}}, {"model": "auth.permission", "pk": 21, "fields": {"name": "Can add student", "content_type": 6, "codename": "add_student"}}, {"model": "auth.permission", "pk": 22, "fields": {"name": "Can change student", "content_type": 6, "codename": "change_student"}}, {"model": "auth.permission", "pk": 23, "fields": {"name": "Can delete student", "content_type": 6, "codename": "delete_student"}}, {"model": "auth.permission", "pk": 24, "fields": {"name": "Can view student", "content_type": 6, "codename": "view_student"}}, {"model": "auth.permission", "pk": 25, "fields": {"name": "Can add teacher", "content_type": 7, "codename": "add_teacher"}}, {"model": "auth.permission", "pk": 26, "fields": {"name": "Can change teacher", "content_type": 7, "codename": "change_teacher"}}, {"model": "auth.permission", "pk": 27, "fields": {"name": "Can delete teacher", "content_type": 7, "codename": "delete_teacher"}}, {"model": "auth.permission", "pk": 28, "fields": {"name": "Can view teacher", "content_type": 7, "codename": "view_teacher"}}, {"model": "auth.permission", "pk": 29, "fields": {"name": "Can add student course", "content_type": 8, "codename": "add_studentcourse"}}, {"model": "auth.permission", "pk": 30, "fields": {"name": "Can change student course", "content_type": 8, "codename": "change_studentcourse"}}, {"model": "auth.permission", "pk": 31, "fields": {"name": "Can delete student course", "content_type": 8, "codename": "delete_studentcourse"}}, {"model": "auth.permission", "pk": 32, "fields": {"name": "Can view student course", "content_type": 8, "codename": "view_studentcourse"}}, {"model": "auth.permission", "pk": 33, "fields": {"name": "Can add attendance class", "content_type": 9, "codename": "add_attendanceclass"}}, {"model": "auth.permission", "pk": 34, "fields": {"name": "Can change attendance class", "content_type": 9, "codename": "change_attendanceclass"}}, {"model": "auth.permission", "pk": 35, "fields": {"name": "Can delete attendance class", "content_type": 9, "codename": "delete_attendanceclass"}}, {"model": "auth.permission", "pk": 36, "fields": {"name": "Can view attendance class", "content_type": 9, "codename": "view_attendanceclass"}}, {"model": "auth.permission", "pk": 37, "fields": {"name": "Can add attendance", "content_type": 10, "codename": "add_attendance"}}, {"model": "auth.permission", "pk": 38, "fields": {"name": "Can change attendance", "content_type": 10, "codename": "change_attendance"}}, {"model": "auth.permission", "pk": 39, "fields": {"name": "Can delete attendance", "content_type": 10, "codename": "delete_attendance"}}, {"model": "auth.permission", "pk": 40, "fields": {"name": "Can view attendance", "content_type": 10, "codename": "view_attendance"}}, {"model": "auth.permission", "pk": 41, "fields": {"name": "Can add assign time", "content_type": 11, "codename": "add_assigntime"}}, {"model": "auth.permission", "pk": 42, "fields": {"name": "Can change assign time", "content_type": 11, "codename": "change_assigntime"}}, {"model": "auth.permission", "pk": 43, "fields": {"name": "Can delete assign time", "content_type": 11, "codename": "delete_assigntime"}}, {"model": "auth.permission", "pk": 44, "fields": {"name": "Can view assign time", "content_type": 11, "codename": "view_assigntime"}}, {"model": "auth.permission", "pk": 45, "fields": {"name": "Can add marks class", "content_type": 12, "codename": "add_marksclass"}}, {"model": "auth.permission", "pk": 46, "fields": {"name": "Can change marks class", "content_type": 12, "codename": "change_marksclass"}}, {"model": "auth.permission", "pk": 47, "fields": {"name": "Can delete marks class", "content_type": 12, "codename": "delete_marksclass"}}, {"model": "auth.permission", "pk": 48, "fields": {"name": "Can view marks class", "content_type": 12, "codename": "view_marksclass"}}, {"model": "auth.permission", "pk": 49, "fields": {"name": "Can add marks", "content_type": 13, "codename": "add_marks"}}, {"model": "auth.permission", "pk": 50, "fields": {"name": "Can change marks", "content_type": 13, "codename": "change_marks"}}, {"model": "auth.permission", "pk": 51, "fields": {"name": "Can delete marks", "content_type": 13, "codename": "delete_marks"}}, {"model": "auth.permission", "pk": 52, "fields": {"name": "Can view marks", "content_type": 13, "codename": "view_marks"}}, {"model": "auth.permission", "pk": 53, "fields": {"name": "Can add attendance total", "content_type": 14, "codename": "add_attendancetotal"}}, {"model": "auth.permission", "pk": 54, "fields": {"name": "Can change attendance total", "content_type": 14, "codename": "change_attendancetotal"}}, {"model": "auth.permission", "pk": 55, "fields": {"name": "Can delete attendance total", "content_type": 14, "codename": "delete_attendancetotal"}}, {"model": "auth.permission", "pk": 56, "fields": {"name": "Can view attendance total", "content_type": 14, "codename": "view_attendancetotal"}}, {"model": "auth.permission", "pk": 57, "fields": {"name": "Can add log entry", "content_type": 15, "codename": "add_logentry"}}, {"model": "auth.permission", "pk": 58, "fields": {"name": "Can change log entry", "content_type": 15, "codename": "change_logentry"}}, {"model": "auth.permission", "pk": 59, "fields": {"name": "Can delete log entry", "content_type": 15, "codename": "delete_logentry"}}, {"model": "auth.permission", "pk": 60, "fields": {"name": "Can view log entry", "content_type": 15, "codename": "view_logentry"}}, {"model": "auth.permission", "pk": 61, "fields": {"name": "Can add permission", "content_type": 16, "codename": "add_permission"}}, {"model": "auth.permission", "pk": 62, "fields": {"name": "Can change permission", "content_type": 16, "codename": "change_permission"}}, {"model": "auth.permission", "pk": 63, "fields": {"name": "Can delete permission", "content_type": 16, "codename": "delete_permission"}}, {"model": "auth.permission", "pk": 64, "fields": {"name": "Can view permission", "content_type": 16, "codename": "view_permission"}}, {"model": "auth.permission", "pk": 65, "fields": {"name": "Can add group", "content_type": 17, "codename": "add_group"}}, {"model": "auth.permission", "pk": 66, "fields": {"name": "Can change group", "content_type": 17, "codename": "change_group"}}, {"model": "auth.permission", "pk": 67, "fields": {"name": "Can delete group", "content_type": 17, "codename": "delete_group"}}, {"model": "auth.permission", "pk": 68, "fields": {"name": "Can view group", "content_type": 17, "codename": "view_group"}}, {"model": "auth.permission", "pk": 69, "fields": {"name": "Can add content type", "content_type": 18, "codename": "add_contenttype"}}, {"model": "auth.permission", "pk": 70, "fields": {"name": "Can change content type", "content_type": 18, "codename": "change_contenttype"}}, {"model": "auth.permission", "pk": 71, "fields": {"name": "Can delete content type", "content_type": 18, "codename": "delete_contenttype"}}, {"model": "auth.permission", "pk": 72, "fields": {"name": "Can view content type", "content_type": 18, "codename": "view_contenttype"}}, {"model": "auth.permission", "pk": 73, "fields": {"name": "Can add session", "content_type": 19, "codename": "add_session"}}, {"model": "auth.permission", "pk": 74, "fields": {"name": "Can change session", "content_type": 19, "codename": "change_session"}}, {"model": "auth.permission", "pk": 75, "fields": {"name": "Can delete session", "content_type": 19, "codename": "delete_session"}}, {"model": "auth.permission", "pk": 76, "fields": {"name": "Can view session", "content_type": 19, "codename": "view_session"}}, {"model": "info.user", "pk": 1, "fields": {"password": "pbkdf2_sha256$150000$b8rp5JwFcO01$KXt5jeMXWF2zp5wpK9rWM3Au+nLt9MfKbBT+X84FZXE=", "last_login": "2019-11-09T07:32:03.658Z", "is_superuser": true, "username": "dbms", "first_name": "", "last_name": "", "email": "", "is_staff": true, "is_active": true, "date_joined": "2019-10-27T16:05:51.943Z", "groups": [], "user_permissions": []}}, {"model": "info.user", "pk": 2, "fields": {"password": "pbkdf2_sha256$150000$QvXNiLhhOomA$SH+X/E4eo/xErtirZyOtw+3Gl2RV+aif1ZeQA6UtIOQ=", "last_login": "2019-11-09T09:44:51.980Z", "is_superuser": false, "username": "priya", "first_name": "", "last_name": "", "email": "", "is_staff": false, "is_active": true, "date_joined": "2019-10-27T16:07:47.782Z", "groups": [], "user_permissions": []}}, {"model": "info.user", "pk": 3, "fields": {"password": "pbkdf2_sha256$150000$MPoNJyRTuQbl$4ieJUSTrBgHiMKBYfazc3RM1h8BPb+aXl29iE99bCXY=", "last_login": "2019-10-29T12:05:43.818Z", "is_superuser": false, "username": "tarun", "first_name": "", "last_name": "", "email": "", "is_staff": false, "is_active": true, "date_joined": "2019-10-27T16:08:39.138Z", "groups": [], "user_permissions": []}}, {"model": "info.user", "pk": 4, "fields": {"password": "pbkdf2_sha256$150000$hOXNhBAJPbP2$K26jEHt7BGR2v42ee6B2ccdtwqTRQXgpHXCyvsKYuis=", "last_login": "2019-11-09T14:47:48.857Z", "is_superuser": false, "username": "rosh", "first_name": "", "last_name": "", "email": "", "is_staff": false, "is_active": true, "date_joined": "2019-10-29T12:11:30.033Z", "groups": [], "user_permissions": []}}, {"model": "info.student", "pk": "B170237CS", "fields": {"user": 4, "class_id": "1-1", "name": "Roshan R", "sex": "Male", "DOB": "1998-01-01", "prof_image": "images/TvuM201.jpg", "image_height": 100, "image_width": 100}}, {"model": "info.student", "pk": "b170388cs", "fields": {"user": 3, "class_id": "1-1", "name": "Tarun Verma", "sex": "Male", "DOB": "1998-01-01", "prof_image": "", "image_height": 100, "image_width": 100}}, {"model": "info.teacher", "pk": "CS4", "fields": {"user": 2, "dept": "1", "name": "Priya Chandran", "sex": "Female", "DOB": "1980-01-01", "prof_image": "images/15732929458845050578618614451706.jpg", "image_height": 100, "image_width": 100}}, {"model": "admin.logentry", "pk": 1, "fields": {"action_time": "2019-10-27T16:06:51.629Z", "user": 1, "content_type": 5, "object_id": "1", "object_repr": "CSE", "action_flag": 1, "change_message": "[{\"added\": {}}, {\"added\": {\"name\": \"class\", \"object\": \"CSE : 5 A\"}}]"}}, {"model": "admin.logentry", "pk": 2, "fields": {"action_time": "2019-10-27T16:07:23.612Z", "user": 1, "content_type": 4, "object_id": "CS3001D", "object_repr": "Design & Analysis of Algorithms", "action_flag": 1, "change_message": "[{\"added\": {}}]"}}, {"model": "admin.logentry", "pk": 3, "fields": {"action_time": "2019-10-27T16:07:48.046Z", "user": 1, "content_type": 1, "object_id": "2", "object_repr": "priya", "action_flag": 1, "change_message": "[{\"added\": {}}]"}}, {"model": "admin.logentry", "pk": 4, "fields": {"action_time": "2019-10-27T16:08:15.616Z", "user": 1, "content_type": 7, "object_id": "CS4", "object_repr": "Priya Chandran", "action_flag": 1, "change_message": "[{\"added\": {}}]"}}, {"model": "admin.logentry", "pk": 5, "fields": {"action_time": "2019-10-27T16:08:39.392Z", "user": 1, "content_type": 1, "object_id": "3", "object_repr": "tarun", "action_flag": 1, "change_message": "[{\"added\": {}}]"}}, {"model": "admin.logentry", "pk": 6, "fields": {"action_time": "2019-10-27T16:08:48.108Z", "user": 1, "content_type": 6, "object_id": "b170388cs", "object_repr": "Tarun Verma", "action_flag": 1, "change_message": "[{\"added\": {}}]"}}, {"model": "admin.logentry", "pk": 7, "fields": {"action_time": "2019-10-27T16:09:49.609Z", "user": 1, "content_type": 2, "object_id": "1", "object_repr": "Priya Chandran : DAA : CSE : 5 A", "action_flag": 1, "change_message": "[{\"added\": {}}, {\"added\": {\"name\": \"assign time\", \"object\": \"AssignTime object (1)\"}}, {\"added\": {\"name\": \"assign time\", \"object\": \"AssignTime object (2)\"}}, {\"added\": {\"name\": \"assign time\", \"object\": \"AssignTime object (3)\"}}]"}}, {"model": "admin.logentry", "pk": 8, "fields": {"action_time": "2019-10-29T12:11:30.204Z", "user": 1, "content_type": 1, "object_id": "4", "object_repr": "rosh", "action_flag": 1, "change_message": "[{\"added\": {}}]"}}, {"model": "admin.logentry", "pk": 9, "fields": {"action_time": "2019-10-29T12:12:03.526Z", "user": 1, "content_type": 6, "object_id": "B170237CS", "object_repr": "Roshan R", "action_flag": 1, "change_message": "[{\"added\": {}}]"}}]