[{"model": "info.dept", "pk": "1", "fields": {"name": "Computer Science and Engineering"}}, {"model": "info.dept", "pk": "2", "fields": {"name": "Electronics and Communication Engineering"}}, {"model": "info.course", "pk": "CS3001D", "fields": {"dept": "1", "name": "Theory of Computation", "shortname": "TOC"}}, {"model": "info.course", "pk": "CS3002D", "fields": {"dept": "1", "name": "Database Management System", "shortname": "DBMS"}}, {"model": "info.course", "pk": "CS3003D", "fields": {"dept": "1", "name": "Operating System", "shortname": "OS"}}, {"model": "info.course", "pk": "CS4040D", "fields": {"dept": "1", "name": "Bioinformatics", "shortname": "BIO"}}, {"model": "info.course", "pk": "EC3089D", "fields": {"dept": "2", "name": "Signal and Systems", "shortname": "SS"}}, {"model": "info.class", "pk": "CS2A", "fields": {"dept": "1", "section": "A", "sem": 3}}, {"model": "info.class", "pk": "CS3A", "fields": {"dept": "1", "section": "A", "sem": 5}}, {"model": "info.class", "pk": "CS3B", "fields": {"dept": "1", "section": "B", "sem": 5}}, {"model": "info.class", "pk": "ECE3G", "fields": {"dept": "2", "section": "G", "sem": 5}}, {"model": "info.assign", "pk": 5, "fields": {"class_id": "CS3A", "course": "CS3003D", "teacher": "CS4"}}, {"model": "info.assign", "pk": 6, "fields": {"class_id": "CS3B", "course": "CS3003D", "teacher": "CS4"}}, {"model": "info.assign", "pk": 7, "fields": {"class_id": "CS3A", "course": "CS3001D", "teacher": "CS3"}}, {"model": "info.assign", "pk": 8, "fields": {"class_id": "CS3B", "course": "CS3001D", "teacher": "CS3"}}, {"model": "info.assign", "pk": 9, "fields": {"class_id": "ECE3G", "course": "EC3089D", "teacher": "EC1"}}, {"model": "info.assign", "pk": 10, "fields": {"class_id": "CS2A", "course": "CS4040D", "teacher": "CS1"}}, {"model": "info.assign", "pk": 12, "fields": {"class_id": "CS3A", "course": "CS3002D", "teacher": "CS1"}}, {"model": "info.assign", "pk": 13, "fields": {"class_id": "CS3B", "course": "CS3002D", "teacher": "CS2"}}, {"model": "info.assigntime", "pk": 9, "fields": {"assign": 5, "period": "8:00 - 9:00", "day": "Monday"}}, {"model": "info.assigntime", "pk": 10, "fields": {"assign": 5, "period": "9:00 - 10:00", "day": "Wednesday"}}, {"model": "info.assigntime", "pk": 11, "fields": {"assign": 5, "period": "2:00 - 3:00", "day": "Thursday"}}, {"model": "info.assigntime", "pk": 12, "fields": {"assign": 5, "period": "10:15 - 11:15", "day": "Friday"}}, {"model": "info.assigntime", "pk": 13, "fields": {"assign": 6, "period": "11:15 - 12:15", "day": "Tuesday"}}, {"model": "info.assigntime", "pk": 14, "fields": {"assign": 6, "period": "3:00 - 4:00", "day": "Thursday"}}, {"model": "info.assigntime", "pk": 15, "fields": {"assign": 6, "period": "9:00 - 10:00", "day": "Friday"}}, {"model": "info.assigntime", "pk": 16, "fields": {"assign": 6, "period": "8:00 - 9:00", "day": "Wednesday"}}, {"model": "info.assigntime", "pk": 17, "fields": {"assign": 7, "period": "10:15 - 11:15", "day": "Monday"}}, {"model": "info.assigntime", "pk": 18, "fields": {"assign": 7, "period": "8:00 - 9:00", "day": "Thursday"}}, {"model": "info.assigntime", "pk": 19, "fields": {"assign": 7, "period": "11:15 - 12:15", "day": "Wednesday"}}, {"model": "info.assigntime", "pk": 20, "fields": {"assign": 8, "period": "2:00 - 3:00", "day": "Monday"}}, {"model": "info.assigntime", "pk": 21, "fields": {"assign": 8, "period": "9:00 - 10:00", "day": "Tuesday"}}, {"model": "info.assigntime", "pk": 22, "fields": {"assign": 8, "period": "10:15 - 11:15", "day": "Thursday"}}, {"model": "info.assigntime", "pk": 23, "fields": {"assign": 9, "period": "11:15 - 12:15", "day": "Monday"}}, {"model": "info.assigntime", "pk": 24, "fields": {"assign": 9, "period": "3:00 - 4:00", "day": "Wednesday"}}, {"model": "info.assigntime", "pk": 25, "fields": {"assign": 9, "period": "9:00 - 10:00", "day": "Thursday"}}, {"model": "info.assigntime", "pk": 26, "fields": {"assign": 10, "period": "8:00 - 9:00", "day": "Monday"}}, {"model": "info.assigntime", "pk": 27, "fields": {"assign": 10, "period": "9:00 - 10:00", "day": "Wednesday"}}, {"model": "info.assigntime", "pk": 28, "fields": {"assign": 10, "period": "10:15 - 11:15", "day": "Friday"}}, {"model": "info.assigntime", "pk": 37, "fields": {"assign": 12, "period": "11:15 - 12:15", "day": "Monday"}}, {"model": "info.assigntime", "pk": 38, "fields": {"assign": 12, "period": "8:00 - 9:00", "day": "Tuesday"}}, {"model": "info.assigntime", "pk": 39, "fields": {"assign": 12, "period": "9:00 - 10:00", "day": "Thursday"}}, {"model": "info.assigntime", "pk": 40, "fields": {"assign": 13, "period": "11:15 - 12:15", "day": "Monday"}}, {"model": "info.assigntime", "pk": 41, "fields": {"assign": 13, "period": "8:00 - 9:00", "day": "Tuesday"}}, {"model": "info.assigntime", "pk": 42, "fields": {"assign": 13, "period": "9:00 - 10:00", "day": "Thursday"}}, {"model": "info.attendanceclass", "pk": 133, "fields": {"assign": 5, "date": "2019-07-29", "status": 0}}, {"model": "info.attendanceclass", "pk": 134, "fields": {"assign": 5, "date": "2019-08-05", "status": 0}}, {"model": "info.attendanceclass", "pk": 135, "fields": {"assign": 5, "date": "2019-08-12", "status": 0}}, {"model": "info.attendanceclass", "pk": 136, "fields": {"assign": 5, "date": "2019-08-19", "status": 0}}, {"model": "info.attendanceclass", "pk": 137, "fields": {"assign": 5, "date": "2019-08-26", "status": 0}}, {"model": "info.attendanceclass", "pk": 138, "fields": {"assign": 5, "date": "2019-09-02", "status": 0}}, {"model": "info.attendanceclass", "pk": 139, "fields": {"assign": 5, "date": "2019-09-09", "status": 0}}, {"model": "info.attendanceclass", "pk": 140, "fields": {"assign": 5, "date": "2019-09-16", "status": 0}}, {"model": "info.attendanceclass", "pk": 141, "fields": {"assign": 5, "date": "2019-09-23", "status": 0}}, {"model": "info.attendanceclass", "pk": 142, "fields": {"assign": 5, "date": "2019-09-30", "status": 0}}, {"model": "info.attendanceclass", "pk": 143, "fields": {"assign": 5, "date": "2019-10-07", "status": 0}}, {"model": "info.attendanceclass", "pk": 144, "fields": {"assign": 5, "date": "2019-10-14", "status": 0}}, {"model": "info.attendanceclass", "pk": 145, "fields": {"assign": 5, "date": "2019-10-21", "status": 0}}, {"model": "info.attendanceclass", "pk": 146, "fields": {"assign": 5, "date": "2019-10-28", "status": 0}}, {"model": "info.attendanceclass", "pk": 147, "fields": {"assign": 5, "date": "2019-11-04", "status": 0}}, {"model": "info.attendanceclass", "pk": 148, "fields": {"assign": 5, "date": "2019-11-11", "status": 0}}, {"model": "info.attendanceclass", "pk": 149, "fields": {"assign": 5, "date": "2019-07-24", "status": 0}}, {"model": "info.attendanceclass", "pk": 150, "fields": {"assign": 5, "date": "2019-07-31", "status": 0}}, {"model": "info.attendanceclass", "pk": 151, "fields": {"assign": 5, "date": "2019-08-07", "status": 0}}, {"model": "info.attendanceclass", "pk": 152, "fields": {"assign": 5, "date": "2019-08-14", "status": 0}}, {"model": "info.attendanceclass", "pk": 153, "fields": {"assign": 5, "date": "2019-08-21", "status": 0}}, {"model": "info.attendanceclass", "pk": 154, "fields": {"assign": 5, "date": "2019-08-28", "status": 0}}, {"model": "info.attendanceclass", "pk": 155, "fields": {"assign": 5, "date": "2019-09-04", "status": 0}}, {"model": "info.attendanceclass", "pk": 156, "fields": {"assign": 5, "date": "2019-09-11", "status": 0}}, {"model": "info.attendanceclass", "pk": 157, "fields": {"assign": 5, "date": "2019-09-18", "status": 0}}, {"model": "info.attendanceclass", "pk": 158, "fields": {"assign": 5, "date": "2019-09-25", "status": 0}}, {"model": "info.attendanceclass", "pk": 159, "fields": {"assign": 5, "date": "2019-10-02", "status": 0}}, {"model": "info.attendanceclass", "pk": 160, "fields": {"assign": 5, "date": "2019-10-09", "status": 0}}, {"model": "info.attendanceclass", "pk": 161, "fields": {"assign": 5, "date": "2019-10-16", "status": 0}}, {"model": "info.attendanceclass", "pk": 162, "fields": {"assign": 5, "date": "2019-10-23", "status": 0}}, {"model": "info.attendanceclass", "pk": 163, "fields": {"assign": 5, "date": "2019-10-30", "status": 0}}, {"model": "info.attendanceclass", "pk": 164, "fields": {"assign": 5, "date": "2019-11-06", "status": 0}}, {"model": "info.attendanceclass", "pk": 165, "fields": {"assign": 5, "date": "2019-11-13", "status": 0}}, {"model": "info.attendanceclass", "pk": 166, "fields": {"assign": 5, "date": "2019-07-25", "status": 0}}, {"model": "info.attendanceclass", "pk": 167, "fields": {"assign": 5, "date": "2019-08-01", "status": 0}}, {"model": "info.attendanceclass", "pk": 168, "fields": {"assign": 5, "date": "2019-08-08", "status": 0}}, {"model": "info.attendanceclass", "pk": 169, "fields": {"assign": 5, "date": "2019-08-15", "status": 0}}, {"model": "info.attendanceclass", "pk": 170, "fields": {"assign": 5, "date": "2019-08-22", "status": 0}}, {"model": "info.attendanceclass", "pk": 171, "fields": {"assign": 5, "date": "2019-08-29", "status": 0}}, {"model": "info.attendanceclass", "pk": 172, "fields": {"assign": 5, "date": "2019-09-05", "status": 0}}, {"model": "info.attendanceclass", "pk": 173, "fields": {"assign": 5, "date": "2019-09-12", "status": 0}}, {"model": "info.attendanceclass", "pk": 174, "fields": {"assign": 5, "date": "2019-09-19", "status": 0}}, {"model": "info.attendanceclass", "pk": 175, "fields": {"assign": 5, "date": "2019-09-26", "status": 0}}, {"model": "info.attendanceclass", "pk": 176, "fields": {"assign": 5, "date": "2019-10-03", "status": 0}}, {"model": "info.attendanceclass", "pk": 177, "fields": {"assign": 5, "date": "2019-10-10", "status": 0}}, {"model": "info.attendanceclass", "pk": 178, "fields": {"assign": 5, "date": "2019-10-17", "status": 0}}, {"model": "info.attendanceclass", "pk": 179, "fields": {"assign": 5, "date": "2019-10-24", "status": 0}}, {"model": "info.attendanceclass", "pk": 180, "fields": {"assign": 5, "date": "2019-10-31", "status": 0}}, {"model": "info.attendanceclass", "pk": 181, "fields": {"assign": 5, "date": "2019-11-07", "status": 0}}, {"model": "info.attendanceclass", "pk": 182, "fields": {"assign": 5, "date": "2019-07-26", "status": 0}}, {"model": "info.attendanceclass", "pk": 183, "fields": {"assign": 5, "date": "2019-08-02", "status": 0}}, {"model": "info.attendanceclass", "pk": 184, "fields": {"assign": 5, "date": "2019-08-09", "status": 0}}, {"model": "info.attendanceclass", "pk": 185, "fields": {"assign": 5, "date": "2019-08-16", "status": 0}}, {"model": "info.attendanceclass", "pk": 186, "fields": {"assign": 5, "date": "2019-08-23", "status": 0}}, {"model": "info.attendanceclass", "pk": 187, "fields": {"assign": 5, "date": "2019-08-30", "status": 0}}, {"model": "info.attendanceclass", "pk": 188, "fields": {"assign": 5, "date": "2019-09-06", "status": 0}}, {"model": "info.attendanceclass", "pk": 189, "fields": {"assign": 5, "date": "2019-09-13", "status": 0}}, {"model": "info.attendanceclass", "pk": 190, "fields": {"assign": 5, "date": "2019-09-20", "status": 0}}, {"model": "info.attendanceclass", "pk": 191, "fields": {"assign": 5, "date": "2019-09-27", "status": 0}}, {"model": "info.attendanceclass", "pk": 192, "fields": {"assign": 5, "date": "2019-10-04", "status": 0}}, {"model": "info.attendanceclass", "pk": 193, "fields": {"assign": 5, "date": "2019-10-11", "status": 0}}, {"model": "info.attendanceclass", "pk": 194, "fields": {"assign": 5, "date": "2019-10-18", "status": 0}}, {"model": "info.attendanceclass", "pk": 195, "fields": {"assign": 5, "date": "2019-10-25", "status": 0}}, {"model": "info.attendanceclass", "pk": 196, "fields": {"assign": 5, "date": "2019-11-01", "status": 0}}, {"model": "info.attendanceclass", "pk": 197, "fields": {"assign": 5, "date": "2019-11-08", "status": 0}}, {"model": "info.attendanceclass", "pk": 198, "fields": {"assign": 6, "date": "2019-07-23", "status": 0}}, {"model": "info.attendanceclass", "pk": 199, "fields": {"assign": 6, "date": "2019-07-30", "status": 0}}, {"model": "info.attendanceclass", "pk": 200, "fields": {"assign": 6, "date": "2019-08-06", "status": 0}}, {"model": "info.attendanceclass", "pk": 201, "fields": {"assign": 6, "date": "2019-08-13", "status": 0}}, {"model": "info.attendanceclass", "pk": 202, "fields": {"assign": 6, "date": "2019-08-20", "status": 0}}, {"model": "info.attendanceclass", "pk": 203, "fields": {"assign": 6, "date": "2019-08-27", "status": 0}}, {"model": "info.attendanceclass", "pk": 204, "fields": {"assign": 6, "date": "2019-09-03", "status": 0}}, {"model": "info.attendanceclass", "pk": 205, "fields": {"assign": 6, "date": "2019-09-10", "status": 0}}, {"model": "info.attendanceclass", "pk": 206, "fields": {"assign": 6, "date": "2019-09-17", "status": 0}}, {"model": "info.attendanceclass", "pk": 207, "fields": {"assign": 6, "date": "2019-09-24", "status": 0}}, {"model": "info.attendanceclass", "pk": 208, "fields": {"assign": 6, "date": "2019-10-01", "status": 0}}, {"model": "info.attendanceclass", "pk": 209, "fields": {"assign": 6, "date": "2019-10-08", "status": 0}}, {"model": "info.attendanceclass", "pk": 210, "fields": {"assign": 6, "date": "2019-10-15", "status": 0}}, {"model": "info.attendanceclass", "pk": 211, "fields": {"assign": 6, "date": "2019-10-22", "status": 0}}, {"model": "info.attendanceclass", "pk": 212, "fields": {"assign": 6, "date": "2019-10-29", "status": 0}}, {"model": "info.attendanceclass", "pk": 213, "fields": {"assign": 6, "date": "2019-11-05", "status": 0}}, {"model": "info.attendanceclass", "pk": 214, "fields": {"assign": 6, "date": "2019-11-12", "status": 0}}, {"model": "info.attendanceclass", "pk": 215, "fields": {"assign": 6, "date": "2019-07-25", "status": 0}}, {"model": "info.attendanceclass", "pk": 216, "fields": {"assign": 6, "date": "2019-08-01", "status": 0}}, {"model": "info.attendanceclass", "pk": 217, "fields": {"assign": 6, "date": "2019-08-08", "status": 0}}, {"model": "info.attendanceclass", "pk": 218, "fields": {"assign": 6, "date": "2019-08-15", "status": 0}}, {"model": "info.attendanceclass", "pk": 219, "fields": {"assign": 6, "date": "2019-08-22", "status": 0}}, {"model": "info.attendanceclass", "pk": 220, "fields": {"assign": 6, "date": "2019-08-29", "status": 0}}, {"model": "info.attendanceclass", "pk": 221, "fields": {"assign": 6, "date": "2019-09-05", "status": 0}}, {"model": "info.attendanceclass", "pk": 222, "fields": {"assign": 6, "date": "2019-09-12", "status": 0}}, {"model": "info.attendanceclass", "pk": 223, "fields": {"assign": 6, "date": "2019-09-19", "status": 0}}, {"model": "info.attendanceclass", "pk": 224, "fields": {"assign": 6, "date": "2019-09-26", "status": 0}}, {"model": "info.attendanceclass", "pk": 225, "fields": {"assign": 6, "date": "2019-10-03", "status": 0}}, {"model": "info.attendanceclass", "pk": 226, "fields": {"assign": 6, "date": "2019-10-10", "status": 0}}, {"model": "info.attendanceclass", "pk": 227, "fields": {"assign": 6, "date": "2019-10-17", "status": 0}}, {"model": "info.attendanceclass", "pk": 228, "fields": {"assign": 6, "date": "2019-10-24", "status": 0}}, {"model": "info.attendanceclass", "pk": 229, "fields": {"assign": 6, "date": "2019-10-31", "status": 0}}, {"model": "info.attendanceclass", "pk": 230, "fields": {"assign": 6, "date": "2019-11-07", "status": 0}}, {"model": "info.attendanceclass", "pk": 231, "fields": {"assign": 6, "date": "2019-07-26", "status": 0}}, {"model": "info.attendanceclass", "pk": 232, "fields": {"assign": 6, "date": "2019-08-02", "status": 0}}, {"model": "info.attendanceclass", "pk": 233, "fields": {"assign": 6, "date": "2019-08-09", "status": 0}}, {"model": "info.attendanceclass", "pk": 234, "fields": {"assign": 6, "date": "2019-08-16", "status": 0}}, {"model": "info.attendanceclass", "pk": 235, "fields": {"assign": 6, "date": "2019-08-23", "status": 0}}, {"model": "info.attendanceclass", "pk": 236, "fields": {"assign": 6, "date": "2019-08-30", "status": 0}}, {"model": "info.attendanceclass", "pk": 237, "fields": {"assign": 6, "date": "2019-09-06", "status": 0}}, {"model": "info.attendanceclass", "pk": 238, "fields": {"assign": 6, "date": "2019-09-13", "status": 0}}, {"model": "info.attendanceclass", "pk": 239, "fields": {"assign": 6, "date": "2019-09-20", "status": 0}}, {"model": "info.attendanceclass", "pk": 240, "fields": {"assign": 6, "date": "2019-09-27", "status": 0}}, {"model": "info.attendanceclass", "pk": 241, "fields": {"assign": 6, "date": "2019-10-04", "status": 0}}, {"model": "info.attendanceclass", "pk": 242, "fields": {"assign": 6, "date": "2019-10-11", "status": 0}}, {"model": "info.attendanceclass", "pk": 243, "fields": {"assign": 6, "date": "2019-10-18", "status": 0}}, {"model": "info.attendanceclass", "pk": 244, "fields": {"assign": 6, "date": "2019-10-25", "status": 0}}, {"model": "info.attendanceclass", "pk": 245, "fields": {"assign": 6, "date": "2019-11-01", "status": 0}}, {"model": "info.attendanceclass", "pk": 246, "fields": {"assign": 6, "date": "2019-11-08", "status": 0}}, {"model": "info.attendanceclass", "pk": 247, "fields": {"assign": 6, "date": "2019-07-24", "status": 0}}, {"model": "info.attendanceclass", "pk": 248, "fields": {"assign": 6, "date": "2019-07-31", "status": 0}}, {"model": "info.attendanceclass", "pk": 249, "fields": {"assign": 6, "date": "2019-08-07", "status": 0}}, {"model": "info.attendanceclass", "pk": 250, "fields": {"assign": 6, "date": "2019-08-14", "status": 0}}, {"model": "info.attendanceclass", "pk": 251, "fields": {"assign": 6, "date": "2019-08-21", "status": 0}}, {"model": "info.attendanceclass", "pk": 252, "fields": {"assign": 6, "date": "2019-08-28", "status": 0}}, {"model": "info.attendanceclass", "pk": 253, "fields": {"assign": 6, "date": "2019-09-04", "status": 0}}, {"model": "info.attendanceclass", "pk": 254, "fields": {"assign": 6, "date": "2019-09-11", "status": 0}}, {"model": "info.attendanceclass", "pk": 255, "fields": {"assign": 6, "date": "2019-09-18", "status": 0}}, {"model": "info.attendanceclass", "pk": 256, "fields": {"assign": 6, "date": "2019-09-25", "status": 0}}, {"model": "info.attendanceclass", "pk": 257, "fields": {"assign": 6, "date": "2019-10-02", "status": 0}}, {"model": "info.attendanceclass", "pk": 258, "fields": {"assign": 6, "date": "2019-10-09", "status": 0}}, {"model": "info.attendanceclass", "pk": 259, "fields": {"assign": 6, "date": "2019-10-16", "status": 0}}, {"model": "info.attendanceclass", "pk": 260, "fields": {"assign": 6, "date": "2019-10-23", "status": 0}}, {"model": "info.attendanceclass", "pk": 261, "fields": {"assign": 6, "date": "2019-10-30", "status": 0}}, {"model": "info.attendanceclass", "pk": 262, "fields": {"assign": 6, "date": "2019-11-06", "status": 0}}, {"model": "info.attendanceclass", "pk": 263, "fields": {"assign": 6, "date": "2019-11-13", "status": 0}}, {"model": "info.attendanceclass", "pk": 264, "fields": {"assign": 7, "date": "2019-07-29", "status": 0}}, {"model": "info.attendanceclass", "pk": 265, "fields": {"assign": 7, "date": "2019-08-05", "status": 0}}, {"model": "info.attendanceclass", "pk": 266, "fields": {"assign": 7, "date": "2019-08-12", "status": 0}}, {"model": "info.attendanceclass", "pk": 267, "fields": {"assign": 7, "date": "2019-08-19", "status": 0}}, {"model": "info.attendanceclass", "pk": 268, "fields": {"assign": 7, "date": "2019-08-26", "status": 0}}, {"model": "info.attendanceclass", "pk": 269, "fields": {"assign": 7, "date": "2019-09-02", "status": 0}}, {"model": "info.attendanceclass", "pk": 270, "fields": {"assign": 7, "date": "2019-09-09", "status": 0}}, {"model": "info.attendanceclass", "pk": 271, "fields": {"assign": 7, "date": "2019-09-16", "status": 0}}, {"model": "info.attendanceclass", "pk": 272, "fields": {"assign": 7, "date": "2019-09-23", "status": 0}}, {"model": "info.attendanceclass", "pk": 273, "fields": {"assign": 7, "date": "2019-09-30", "status": 0}}, {"model": "info.attendanceclass", "pk": 274, "fields": {"assign": 7, "date": "2019-10-07", "status": 0}}, {"model": "info.attendanceclass", "pk": 275, "fields": {"assign": 7, "date": "2019-10-14", "status": 0}}, {"model": "info.attendanceclass", "pk": 276, "fields": {"assign": 7, "date": "2019-10-21", "status": 0}}, {"model": "info.attendanceclass", "pk": 277, "fields": {"assign": 7, "date": "2019-10-28", "status": 0}}, {"model": "info.attendanceclass", "pk": 278, "fields": {"assign": 7, "date": "2019-11-04", "status": 0}}, {"model": "info.attendanceclass", "pk": 279, "fields": {"assign": 7, "date": "2019-11-11", "status": 0}}, {"model": "info.attendanceclass", "pk": 280, "fields": {"assign": 7, "date": "2019-07-25", "status": 0}}, {"model": "info.attendanceclass", "pk": 281, "fields": {"assign": 7, "date": "2019-08-01", "status": 0}}, {"model": "info.attendanceclass", "pk": 282, "fields": {"assign": 7, "date": "2019-08-08", "status": 0}}, {"model": "info.attendanceclass", "pk": 283, "fields": {"assign": 7, "date": "2019-08-15", "status": 0}}, {"model": "info.attendanceclass", "pk": 284, "fields": {"assign": 7, "date": "2019-08-22", "status": 0}}, {"model": "info.attendanceclass", "pk": 285, "fields": {"assign": 7, "date": "2019-08-29", "status": 0}}, {"model": "info.attendanceclass", "pk": 286, "fields": {"assign": 7, "date": "2019-09-05", "status": 0}}, {"model": "info.attendanceclass", "pk": 287, "fields": {"assign": 7, "date": "2019-09-12", "status": 0}}, {"model": "info.attendanceclass", "pk": 288, "fields": {"assign": 7, "date": "2019-09-19", "status": 0}}, {"model": "info.attendanceclass", "pk": 289, "fields": {"assign": 7, "date": "2019-09-26", "status": 0}}, {"model": "info.attendanceclass", "pk": 290, "fields": {"assign": 7, "date": "2019-10-03", "status": 0}}, {"model": "info.attendanceclass", "pk": 291, "fields": {"assign": 7, "date": "2019-10-10", "status": 0}}, {"model": "info.attendanceclass", "pk": 292, "fields": {"assign": 7, "date": "2019-10-17", "status": 0}}, {"model": "info.attendanceclass", "pk": 293, "fields": {"assign": 7, "date": "2019-10-24", "status": 0}}, {"model": "info.attendanceclass", "pk": 294, "fields": {"assign": 7, "date": "2019-10-31", "status": 0}}, {"model": "info.attendanceclass", "pk": 295, "fields": {"assign": 7, "date": "2019-11-07", "status": 0}}, {"model": "info.attendanceclass", "pk": 296, "fields": {"assign": 7, "date": "2019-07-24", "status": 0}}, {"model": "info.attendanceclass", "pk": 297, "fields": {"assign": 7, "date": "2019-07-31", "status": 0}}, {"model": "info.attendanceclass", "pk": 298, "fields": {"assign": 7, "date": "2019-08-07", "status": 0}}, {"model": "info.attendanceclass", "pk": 299, "fields": {"assign": 7, "date": "2019-08-14", "status": 0}}, {"model": "info.attendanceclass", "pk": 300, "fields": {"assign": 7, "date": "2019-08-21", "status": 0}}, {"model": "info.attendanceclass", "pk": 301, "fields": {"assign": 7, "date": "2019-08-28", "status": 0}}, {"model": "info.attendanceclass", "pk": 302, "fields": {"assign": 7, "date": "2019-09-04", "status": 0}}, {"model": "info.attendanceclass", "pk": 303, "fields": {"assign": 7, "date": "2019-09-11", "status": 0}}, {"model": "info.attendanceclass", "pk": 304, "fields": {"assign": 7, "date": "2019-09-18", "status": 0}}, {"model": "info.attendanceclass", "pk": 305, "fields": {"assign": 7, "date": "2019-09-25", "status": 0}}, {"model": "info.attendanceclass", "pk": 306, "fields": {"assign": 7, "date": "2019-10-02", "status": 0}}, {"model": "info.attendanceclass", "pk": 307, "fields": {"assign": 7, "date": "2019-10-09", "status": 0}}, {"model": "info.attendanceclass", "pk": 308, "fields": {"assign": 7, "date": "2019-10-16", "status": 0}}, {"model": "info.attendanceclass", "pk": 309, "fields": {"assign": 7, "date": "2019-10-23", "status": 0}}, {"model": "info.attendanceclass", "pk": 310, "fields": {"assign": 7, "date": "2019-10-30", "status": 0}}, {"model": "info.attendanceclass", "pk": 311, "fields": {"assign": 7, "date": "2019-11-06", "status": 0}}, {"model": "info.attendanceclass", "pk": 312, "fields": {"assign": 7, "date": "2019-11-13", "status": 0}}, {"model": "info.attendanceclass", "pk": 313, "fields": {"assign": 8, "date": "2019-07-29", "status": 0}}, {"model": "info.attendanceclass", "pk": 314, "fields": {"assign": 8, "date": "2019-08-05", "status": 0}}, {"model": "info.attendanceclass", "pk": 315, "fields": {"assign": 8, "date": "2019-08-12", "status": 0}}, {"model": "info.attendanceclass", "pk": 316, "fields": {"assign": 8, "date": "2019-08-19", "status": 0}}, {"model": "info.attendanceclass", "pk": 317, "fields": {"assign": 8, "date": "2019-08-26", "status": 0}}, {"model": "info.attendanceclass", "pk": 318, "fields": {"assign": 8, "date": "2019-09-02", "status": 0}}, {"model": "info.attendanceclass", "pk": 319, "fields": {"assign": 8, "date": "2019-09-09", "status": 0}}, {"model": "info.attendanceclass", "pk": 320, "fields": {"assign": 8, "date": "2019-09-16", "status": 0}}, {"model": "info.attendanceclass", "pk": 321, "fields": {"assign": 8, "date": "2019-09-23", "status": 0}}, {"model": "info.attendanceclass", "pk": 322, "fields": {"assign": 8, "date": "2019-09-30", "status": 0}}, {"model": "info.attendanceclass", "pk": 323, "fields": {"assign": 8, "date": "2019-10-07", "status": 0}}, {"model": "info.attendanceclass", "pk": 324, "fields": {"assign": 8, "date": "2019-10-14", "status": 0}}, {"model": "info.attendanceclass", "pk": 325, "fields": {"assign": 8, "date": "2019-10-21", "status": 0}}, {"model": "info.attendanceclass", "pk": 326, "fields": {"assign": 8, "date": "2019-10-28", "status": 0}}, {"model": "info.attendanceclass", "pk": 327, "fields": {"assign": 8, "date": "2019-11-04", "status": 0}}, {"model": "info.attendanceclass", "pk": 328, "fields": {"assign": 8, "date": "2019-11-11", "status": 0}}, {"model": "info.attendanceclass", "pk": 329, "fields": {"assign": 8, "date": "2019-07-23", "status": 0}}, {"model": "info.attendanceclass", "pk": 330, "fields": {"assign": 8, "date": "2019-07-30", "status": 0}}, {"model": "info.attendanceclass", "pk": 331, "fields": {"assign": 8, "date": "2019-08-06", "status": 0}}, {"model": "info.attendanceclass", "pk": 332, "fields": {"assign": 8, "date": "2019-08-13", "status": 0}}, {"model": "info.attendanceclass", "pk": 333, "fields": {"assign": 8, "date": "2019-08-20", "status": 0}}, {"model": "info.attendanceclass", "pk": 334, "fields": {"assign": 8, "date": "2019-08-27", "status": 0}}, {"model": "info.attendanceclass", "pk": 335, "fields": {"assign": 8, "date": "2019-09-03", "status": 0}}, {"model": "info.attendanceclass", "pk": 336, "fields": {"assign": 8, "date": "2019-09-10", "status": 0}}, {"model": "info.attendanceclass", "pk": 337, "fields": {"assign": 8, "date": "2019-09-17", "status": 0}}, {"model": "info.attendanceclass", "pk": 338, "fields": {"assign": 8, "date": "2019-09-24", "status": 0}}, {"model": "info.attendanceclass", "pk": 339, "fields": {"assign": 8, "date": "2019-10-01", "status": 0}}, {"model": "info.attendanceclass", "pk": 340, "fields": {"assign": 8, "date": "2019-10-08", "status": 0}}, {"model": "info.attendanceclass", "pk": 341, "fields": {"assign": 8, "date": "2019-10-15", "status": 0}}, {"model": "info.attendanceclass", "pk": 342, "fields": {"assign": 8, "date": "2019-10-22", "status": 0}}, {"model": "info.attendanceclass", "pk": 343, "fields": {"assign": 8, "date": "2019-10-29", "status": 0}}, {"model": "info.attendanceclass", "pk": 344, "fields": {"assign": 8, "date": "2019-11-05", "status": 0}}, {"model": "info.attendanceclass", "pk": 345, "fields": {"assign": 8, "date": "2019-11-12", "status": 0}}, {"model": "info.attendanceclass", "pk": 346, "fields": {"assign": 8, "date": "2019-07-25", "status": 0}}, {"model": "info.attendanceclass", "pk": 347, "fields": {"assign": 8, "date": "2019-08-01", "status": 0}}, {"model": "info.attendanceclass", "pk": 348, "fields": {"assign": 8, "date": "2019-08-08", "status": 0}}, {"model": "info.attendanceclass", "pk": 349, "fields": {"assign": 8, "date": "2019-08-15", "status": 0}}, {"model": "info.attendanceclass", "pk": 350, "fields": {"assign": 8, "date": "2019-08-22", "status": 0}}, {"model": "info.attendanceclass", "pk": 351, "fields": {"assign": 8, "date": "2019-08-29", "status": 0}}, {"model": "info.attendanceclass", "pk": 352, "fields": {"assign": 8, "date": "2019-09-05", "status": 0}}, {"model": "info.attendanceclass", "pk": 353, "fields": {"assign": 8, "date": "2019-09-12", "status": 0}}, {"model": "info.attendanceclass", "pk": 354, "fields": {"assign": 8, "date": "2019-09-19", "status": 0}}, {"model": "info.attendanceclass", "pk": 355, "fields": {"assign": 8, "date": "2019-09-26", "status": 0}}, {"model": "info.attendanceclass", "pk": 356, "fields": {"assign": 8, "date": "2019-10-03", "status": 0}}, {"model": "info.attendanceclass", "pk": 357, "fields": {"assign": 8, "date": "2019-10-10", "status": 0}}, {"model": "info.attendanceclass", "pk": 358, "fields": {"assign": 8, "date": "2019-10-17", "status": 0}}, {"model": "info.attendanceclass", "pk": 359, "fields": {"assign": 8, "date": "2019-10-24", "status": 0}}, {"model": "info.attendanceclass", "pk": 360, "fields": {"assign": 8, "date": "2019-10-31", "status": 0}}, {"model": "info.attendanceclass", "pk": 361, "fields": {"assign": 8, "date": "2019-11-07", "status": 0}}, {"model": "info.attendanceclass", "pk": 362, "fields": {"assign": 9, "date": "2019-07-29", "status": 0}}, {"model": "info.attendanceclass", "pk": 363, "fields": {"assign": 9, "date": "2019-08-05", "status": 0}}, {"model": "info.attendanceclass", "pk": 364, "fields": {"assign": 9, "date": "2019-08-12", "status": 0}}, {"model": "info.attendanceclass", "pk": 365, "fields": {"assign": 9, "date": "2019-08-19", "status": 0}}, {"model": "info.attendanceclass", "pk": 366, "fields": {"assign": 9, "date": "2019-08-26", "status": 0}}, {"model": "info.attendanceclass", "pk": 367, "fields": {"assign": 9, "date": "2019-09-02", "status": 0}}, {"model": "info.attendanceclass", "pk": 368, "fields": {"assign": 9, "date": "2019-09-09", "status": 0}}, {"model": "info.attendanceclass", "pk": 369, "fields": {"assign": 9, "date": "2019-09-16", "status": 0}}, {"model": "info.attendanceclass", "pk": 370, "fields": {"assign": 9, "date": "2019-09-23", "status": 0}}, {"model": "info.attendanceclass", "pk": 371, "fields": {"assign": 9, "date": "2019-09-30", "status": 0}}, {"model": "info.attendanceclass", "pk": 372, "fields": {"assign": 9, "date": "2019-10-07", "status": 0}}, {"model": "info.attendanceclass", "pk": 373, "fields": {"assign": 9, "date": "2019-10-14", "status": 0}}, {"model": "info.attendanceclass", "pk": 374, "fields": {"assign": 9, "date": "2019-10-21", "status": 0}}, {"model": "info.attendanceclass", "pk": 375, "fields": {"assign": 9, "date": "2019-10-28", "status": 0}}, {"model": "info.attendanceclass", "pk": 376, "fields": {"assign": 9, "date": "2019-11-04", "status": 0}}, {"model": "info.attendanceclass", "pk": 377, "fields": {"assign": 9, "date": "2019-11-11", "status": 0}}, {"model": "info.attendanceclass", "pk": 378, "fields": {"assign": 9, "date": "2019-07-24", "status": 0}}, {"model": "info.attendanceclass", "pk": 379, "fields": {"assign": 9, "date": "2019-07-31", "status": 0}}, {"model": "info.attendanceclass", "pk": 380, "fields": {"assign": 9, "date": "2019-08-07", "status": 0}}, {"model": "info.attendanceclass", "pk": 381, "fields": {"assign": 9, "date": "2019-08-14", "status": 0}}, {"model": "info.attendanceclass", "pk": 382, "fields": {"assign": 9, "date": "2019-08-21", "status": 0}}, {"model": "info.attendanceclass", "pk": 383, "fields": {"assign": 9, "date": "2019-08-28", "status": 0}}, {"model": "info.attendanceclass", "pk": 384, "fields": {"assign": 9, "date": "2019-09-04", "status": 0}}, {"model": "info.attendanceclass", "pk": 385, "fields": {"assign": 9, "date": "2019-09-11", "status": 0}}, {"model": "info.attendanceclass", "pk": 386, "fields": {"assign": 9, "date": "2019-09-18", "status": 0}}, {"model": "info.attendanceclass", "pk": 387, "fields": {"assign": 9, "date": "2019-09-25", "status": 0}}, {"model": "info.attendanceclass", "pk": 388, "fields": {"assign": 9, "date": "2019-10-02", "status": 0}}, {"model": "info.attendanceclass", "pk": 389, "fields": {"assign": 9, "date": "2019-10-09", "status": 0}}, {"model": "info.attendanceclass", "pk": 390, "fields": {"assign": 9, "date": "2019-10-16", "status": 0}}, {"model": "info.attendanceclass", "pk": 391, "fields": {"assign": 9, "date": "2019-10-23", "status": 0}}, {"model": "info.attendanceclass", "pk": 392, "fields": {"assign": 9, "date": "2019-10-30", "status": 0}}, {"model": "info.attendanceclass", "pk": 393, "fields": {"assign": 9, "date": "2019-11-06", "status": 0}}, {"model": "info.attendanceclass", "pk": 394, "fields": {"assign": 9, "date": "2019-11-13", "status": 0}}, {"model": "info.attendanceclass", "pk": 395, "fields": {"assign": 9, "date": "2019-07-25", "status": 0}}, {"model": "info.attendanceclass", "pk": 396, "fields": {"assign": 9, "date": "2019-08-01", "status": 0}}, {"model": "info.attendanceclass", "pk": 397, "fields": {"assign": 9, "date": "2019-08-08", "status": 0}}, {"model": "info.attendanceclass", "pk": 398, "fields": {"assign": 9, "date": "2019-08-15", "status": 0}}, {"model": "info.attendanceclass", "pk": 399, "fields": {"assign": 9, "date": "2019-08-22", "status": 0}}, {"model": "info.attendanceclass", "pk": 400, "fields": {"assign": 9, "date": "2019-08-29", "status": 0}}, {"model": "info.attendanceclass", "pk": 401, "fields": {"assign": 9, "date": "2019-09-05", "status": 0}}, {"model": "info.attendanceclass", "pk": 402, "fields": {"assign": 9, "date": "2019-09-12", "status": 0}}, {"model": "info.attendanceclass", "pk": 403, "fields": {"assign": 9, "date": "2019-09-19", "status": 0}}, {"model": "info.attendanceclass", "pk": 404, "fields": {"assign": 9, "date": "2019-09-26", "status": 0}}, {"model": "info.attendanceclass", "pk": 405, "fields": {"assign": 9, "date": "2019-10-03", "status": 0}}, {"model": "info.attendanceclass", "pk": 406, "fields": {"assign": 9, "date": "2019-10-10", "status": 0}}, {"model": "info.attendanceclass", "pk": 407, "fields": {"assign": 9, "date": "2019-10-17", "status": 0}}, {"model": "info.attendanceclass", "pk": 408, "fields": {"assign": 9, "date": "2019-10-24", "status": 0}}, {"model": "info.attendanceclass", "pk": 409, "fields": {"assign": 9, "date": "2019-10-31", "status": 0}}, {"model": "info.attendanceclass", "pk": 410, "fields": {"assign": 9, "date": "2019-11-07", "status": 0}}, {"model": "info.attendanceclass", "pk": 411, "fields": {"assign": 10, "date": "2019-07-29", "status": 0}}, {"model": "info.attendanceclass", "pk": 412, "fields": {"assign": 10, "date": "2019-08-05", "status": 0}}, {"model": "info.attendanceclass", "pk": 413, "fields": {"assign": 10, "date": "2019-08-12", "status": 0}}, {"model": "info.attendanceclass", "pk": 414, "fields": {"assign": 10, "date": "2019-08-19", "status": 0}}, {"model": "info.attendanceclass", "pk": 415, "fields": {"assign": 10, "date": "2019-08-26", "status": 0}}, {"model": "info.attendanceclass", "pk": 416, "fields": {"assign": 10, "date": "2019-09-02", "status": 0}}, {"model": "info.attendanceclass", "pk": 417, "fields": {"assign": 10, "date": "2019-09-09", "status": 0}}, {"model": "info.attendanceclass", "pk": 418, "fields": {"assign": 10, "date": "2019-09-16", "status": 0}}, {"model": "info.attendanceclass", "pk": 419, "fields": {"assign": 10, "date": "2019-09-23", "status": 0}}, {"model": "info.attendanceclass", "pk": 420, "fields": {"assign": 10, "date": "2019-09-30", "status": 0}}, {"model": "info.attendanceclass", "pk": 421, "fields": {"assign": 10, "date": "2019-10-07", "status": 0}}, {"model": "info.attendanceclass", "pk": 422, "fields": {"assign": 10, "date": "2019-10-14", "status": 0}}, {"model": "info.attendanceclass", "pk": 423, "fields": {"assign": 10, "date": "2019-10-21", "status": 0}}, {"model": "info.attendanceclass", "pk": 424, "fields": {"assign": 10, "date": "2019-10-28", "status": 0}}, {"model": "info.attendanceclass", "pk": 425, "fields": {"assign": 10, "date": "2019-11-04", "status": 0}}, {"model": "info.attendanceclass", "pk": 426, "fields": {"assign": 10, "date": "2019-11-11", "status": 0}}, {"model": "info.attendanceclass", "pk": 427, "fields": {"assign": 10, "date": "2019-07-24", "status": 0}}, {"model": "info.attendanceclass", "pk": 428, "fields": {"assign": 10, "date": "2019-07-31", "status": 0}}, {"model": "info.attendanceclass", "pk": 429, "fields": {"assign": 10, "date": "2019-08-07", "status": 0}}, {"model": "info.attendanceclass", "pk": 430, "fields": {"assign": 10, "date": "2019-08-14", "status": 0}}, {"model": "info.attendanceclass", "pk": 431, "fields": {"assign": 10, "date": "2019-08-21", "status": 0}}, {"model": "info.attendanceclass", "pk": 432, "fields": {"assign": 10, "date": "2019-08-28", "status": 0}}, {"model": "info.attendanceclass", "pk": 433, "fields": {"assign": 10, "date": "2019-09-04", "status": 0}}, {"model": "info.attendanceclass", "pk": 434, "fields": {"assign": 10, "date": "2019-09-11", "status": 0}}, {"model": "info.attendanceclass", "pk": 435, "fields": {"assign": 10, "date": "2019-09-18", "status": 0}}, {"model": "info.attendanceclass", "pk": 436, "fields": {"assign": 10, "date": "2019-09-25", "status": 0}}, {"model": "info.attendanceclass", "pk": 437, "fields": {"assign": 10, "date": "2019-10-02", "status": 0}}, {"model": "info.attendanceclass", "pk": 438, "fields": {"assign": 10, "date": "2019-10-09", "status": 0}}, {"model": "info.attendanceclass", "pk": 439, "fields": {"assign": 10, "date": "2019-10-16", "status": 0}}, {"model": "info.attendanceclass", "pk": 440, "fields": {"assign": 10, "date": "2019-10-23", "status": 0}}, {"model": "info.attendanceclass", "pk": 441, "fields": {"assign": 10, "date": "2019-10-30", "status": 0}}, {"model": "info.attendanceclass", "pk": 442, "fields": {"assign": 10, "date": "2019-11-06", "status": 0}}, {"model": "info.attendanceclass", "pk": 443, "fields": {"assign": 10, "date": "2019-11-13", "status": 0}}, {"model": "info.attendanceclass", "pk": 444, "fields": {"assign": 10, "date": "2019-07-26", "status": 0}}, {"model": "info.attendanceclass", "pk": 445, "fields": {"assign": 10, "date": "2019-08-02", "status": 0}}, {"model": "info.attendanceclass", "pk": 446, "fields": {"assign": 10, "date": "2019-08-09", "status": 0}}, {"model": "info.attendanceclass", "pk": 447, "fields": {"assign": 10, "date": "2019-08-16", "status": 0}}, {"model": "info.attendanceclass", "pk": 448, "fields": {"assign": 10, "date": "2019-08-23", "status": 0}}, {"model": "info.attendanceclass", "pk": 449, "fields": {"assign": 10, "date": "2019-08-30", "status": 0}}, {"model": "info.attendanceclass", "pk": 450, "fields": {"assign": 10, "date": "2019-09-06", "status": 0}}, {"model": "info.attendanceclass", "pk": 451, "fields": {"assign": 10, "date": "2019-09-13", "status": 0}}, {"model": "info.attendanceclass", "pk": 452, "fields": {"assign": 10, "date": "2019-09-20", "status": 0}}, {"model": "info.attendanceclass", "pk": 453, "fields": {"assign": 10, "date": "2019-09-27", "status": 0}}, {"model": "info.attendanceclass", "pk": 454, "fields": {"assign": 10, "date": "2019-10-04", "status": 0}}, {"model": "info.attendanceclass", "pk": 455, "fields": {"assign": 10, "date": "2019-10-11", "status": 0}}, {"model": "info.attendanceclass", "pk": 456, "fields": {"assign": 10, "date": "2019-10-18", "status": 0}}, {"model": "info.attendanceclass", "pk": 457, "fields": {"assign": 10, "date": "2019-10-25", "status": 0}}, {"model": "info.attendanceclass", "pk": 458, "fields": {"assign": 10, "date": "2019-11-01", "status": 0}}, {"model": "info.attendanceclass", "pk": 459, "fields": {"assign": 10, "date": "2019-11-08", "status": 0}}, {"model": "info.attendanceclass", "pk": 594, "fields": {"assign": 12, "date": "2019-07-29", "status": 0}}, {"model": "info.attendanceclass", "pk": 595, "fields": {"assign": 12, "date": "2019-08-05", "status": 0}}, {"model": "info.attendanceclass", "pk": 596, "fields": {"assign": 12, "date": "2019-08-12", "status": 0}}, {"model": "info.attendanceclass", "pk": 597, "fields": {"assign": 12, "date": "2019-08-19", "status": 0}}, {"model": "info.attendanceclass", "pk": 598, "fields": {"assign": 12, "date": "2019-08-26", "status": 0}}, {"model": "info.attendanceclass", "pk": 599, "fields": {"assign": 12, "date": "2019-09-02", "status": 0}}, {"model": "info.attendanceclass", "pk": 600, "fields": {"assign": 12, "date": "2019-09-09", "status": 0}}, {"model": "info.attendanceclass", "pk": 601, "fields": {"assign": 12, "date": "2019-09-16", "status": 0}}, {"model": "info.attendanceclass", "pk": 602, "fields": {"assign": 12, "date": "2019-09-23", "status": 0}}, {"model": "info.attendanceclass", "pk": 603, "fields": {"assign": 12, "date": "2019-09-30", "status": 0}}, {"model": "info.attendanceclass", "pk": 604, "fields": {"assign": 12, "date": "2019-10-07", "status": 0}}, {"model": "info.attendanceclass", "pk": 605, "fields": {"assign": 12, "date": "2019-10-14", "status": 0}}, {"model": "info.attendanceclass", "pk": 606, "fields": {"assign": 12, "date": "2019-10-21", "status": 1}}, {"model": "info.attendanceclass", "pk": 607, "fields": {"assign": 12, "date": "2019-10-28", "status": 1}}, {"model": "info.attendanceclass", "pk": 608, "fields": {"assign": 12, "date": "2019-11-04", "status": 2}}, {"model": "info.attendanceclass", "pk": 609, "fields": {"assign": 12, "date": "2019-11-11", "status": 1}}, {"model": "info.attendanceclass", "pk": 610, "fields": {"assign": 12, "date": "2019-07-23", "status": 0}}, {"model": "info.attendanceclass", "pk": 611, "fields": {"assign": 12, "date": "2019-07-30", "status": 0}}, {"model": "info.attendanceclass", "pk": 612, "fields": {"assign": 12, "date": "2019-08-06", "status": 0}}, {"model": "info.attendanceclass", "pk": 613, "fields": {"assign": 12, "date": "2019-08-13", "status": 0}}, {"model": "info.attendanceclass", "pk": 614, "fields": {"assign": 12, "date": "2019-08-20", "status": 0}}, {"model": "info.attendanceclass", "pk": 615, "fields": {"assign": 12, "date": "2019-08-27", "status": 0}}, {"model": "info.attendanceclass", "pk": 616, "fields": {"assign": 12, "date": "2019-09-03", "status": 0}}, {"model": "info.attendanceclass", "pk": 617, "fields": {"assign": 12, "date": "2019-09-10", "status": 0}}, {"model": "info.attendanceclass", "pk": 618, "fields": {"assign": 12, "date": "2019-09-17", "status": 0}}, {"model": "info.attendanceclass", "pk": 619, "fields": {"assign": 12, "date": "2019-09-24", "status": 0}}, {"model": "info.attendanceclass", "pk": 620, "fields": {"assign": 12, "date": "2019-10-01", "status": 0}}, {"model": "info.attendanceclass", "pk": 621, "fields": {"assign": 12, "date": "2019-10-08", "status": 0}}, {"model": "info.attendanceclass", "pk": 622, "fields": {"assign": 12, "date": "2019-10-15", "status": 0}}, {"model": "info.attendanceclass", "pk": 623, "fields": {"assign": 12, "date": "2019-10-22", "status": 1}}, {"model": "info.attendanceclass", "pk": 624, "fields": {"assign": 12, "date": "2019-10-29", "status": 1}}, {"model": "info.attendanceclass", "pk": 625, "fields": {"assign": 12, "date": "2019-11-05", "status": 1}}, {"model": "info.attendanceclass", "pk": 626, "fields": {"assign": 12, "date": "2019-11-12", "status": 1}}, {"model": "info.attendanceclass", "pk": 627, "fields": {"assign": 12, "date": "2019-07-24", "status": 0}}, {"model": "info.attendanceclass", "pk": 628, "fields": {"assign": 12, "date": "2019-07-31", "status": 0}}, {"model": "info.attendanceclass", "pk": 629, "fields": {"assign": 12, "date": "2019-08-07", "status": 0}}, {"model": "info.attendanceclass", "pk": 630, "fields": {"assign": 12, "date": "2019-08-14", "status": 0}}, {"model": "info.attendanceclass", "pk": 631, "fields": {"assign": 12, "date": "2019-08-21", "status": 0}}, {"model": "info.attendanceclass", "pk": 632, "fields": {"assign": 12, "date": "2019-08-28", "status": 0}}, {"model": "info.attendanceclass", "pk": 633, "fields": {"assign": 12, "date": "2019-09-04", "status": 0}}, {"model": "info.attendanceclass", "pk": 634, "fields": {"assign": 12, "date": "2019-09-11", "status": 0}}, {"model": "info.attendanceclass", "pk": 635, "fields": {"assign": 12, "date": "2019-09-18", "status": 0}}, {"model": "info.attendanceclass", "pk": 636, "fields": {"assign": 12, "date": "2019-09-25", "status": 0}}, {"model": "info.attendanceclass", "pk": 637, "fields": {"assign": 12, "date": "2019-10-02", "status": 0}}, {"model": "info.attendanceclass", "pk": 638, "fields": {"assign": 12, "date": "2019-10-09", "status": 0}}, {"model": "info.attendanceclass", "pk": 639, "fields": {"assign": 12, "date": "2019-10-16", "status": 1}}, {"model": "info.attendanceclass", "pk": 640, "fields": {"assign": 12, "date": "2019-10-23", "status": 1}}, {"model": "info.attendanceclass", "pk": 641, "fields": {"assign": 12, "date": "2019-10-30", "status": 1}}, {"model": "info.attendanceclass", "pk": 642, "fields": {"assign": 12, "date": "2019-11-06", "status": 1}}, {"model": "info.attendanceclass", "pk": 643, "fields": {"assign": 12, "date": "2019-11-13", "status": 2}}, {"model": "info.attendanceclass", "pk": 644, "fields": {"assign": 13, "date": "2019-07-29", "status": 0}}, {"model": "info.attendanceclass", "pk": 645, "fields": {"assign": 13, "date": "2019-08-05", "status": 0}}, {"model": "info.attendanceclass", "pk": 646, "fields": {"assign": 13, "date": "2019-08-12", "status": 0}}, {"model": "info.attendanceclass", "pk": 647, "fields": {"assign": 13, "date": "2019-08-19", "status": 0}}, {"model": "info.attendanceclass", "pk": 648, "fields": {"assign": 13, "date": "2019-08-26", "status": 0}}, {"model": "info.attendanceclass", "pk": 649, "fields": {"assign": 13, "date": "2019-09-02", "status": 0}}, {"model": "info.attendanceclass", "pk": 650, "fields": {"assign": 13, "date": "2019-09-09", "status": 0}}, {"model": "info.attendanceclass", "pk": 651, "fields": {"assign": 13, "date": "2019-09-16", "status": 0}}, {"model": "info.attendanceclass", "pk": 652, "fields": {"assign": 13, "date": "2019-09-23", "status": 0}}, {"model": "info.attendanceclass", "pk": 653, "fields": {"assign": 13, "date": "2019-09-30", "status": 0}}, {"model": "info.attendanceclass", "pk": 654, "fields": {"assign": 13, "date": "2019-10-07", "status": 0}}, {"model": "info.attendanceclass", "pk": 655, "fields": {"assign": 13, "date": "2019-10-14", "status": 0}}, {"model": "info.attendanceclass", "pk": 656, "fields": {"assign": 13, "date": "2019-10-21", "status": 0}}, {"model": "info.attendanceclass", "pk": 657, "fields": {"assign": 13, "date": "2019-10-28", "status": 0}}, {"model": "info.attendanceclass", "pk": 658, "fields": {"assign": 13, "date": "2019-11-04", "status": 0}}, {"model": "info.attendanceclass", "pk": 659, "fields": {"assign": 13, "date": "2019-11-11", "status": 0}}, {"model": "info.attendanceclass", "pk": 660, "fields": {"assign": 13, "date": "2019-07-23", "status": 0}}, {"model": "info.attendanceclass", "pk": 661, "fields": {"assign": 13, "date": "2019-07-30", "status": 0}}, {"model": "info.attendanceclass", "pk": 662, "fields": {"assign": 13, "date": "2019-08-06", "status": 0}}, {"model": "info.attendanceclass", "pk": 663, "fields": {"assign": 13, "date": "2019-08-13", "status": 0}}, {"model": "info.attendanceclass", "pk": 664, "fields": {"assign": 13, "date": "2019-08-20", "status": 0}}, {"model": "info.attendanceclass", "pk": 665, "fields": {"assign": 13, "date": "2019-08-27", "status": 0}}, {"model": "info.attendanceclass", "pk": 666, "fields": {"assign": 13, "date": "2019-09-03", "status": 0}}, {"model": "info.attendanceclass", "pk": 667, "fields": {"assign": 13, "date": "2019-09-10", "status": 0}}, {"model": "info.attendanceclass", "pk": 668, "fields": {"assign": 13, "date": "2019-09-17", "status": 0}}, {"model": "info.attendanceclass", "pk": 669, "fields": {"assign": 13, "date": "2019-09-24", "status": 0}}, {"model": "info.attendanceclass", "pk": 670, "fields": {"assign": 13, "date": "2019-10-01", "status": 0}}, {"model": "info.attendanceclass", "pk": 671, "fields": {"assign": 13, "date": "2019-10-08", "status": 0}}, {"model": "info.attendanceclass", "pk": 672, "fields": {"assign": 13, "date": "2019-10-15", "status": 0}}, {"model": "info.attendanceclass", "pk": 673, "fields": {"assign": 13, "date": "2019-10-22", "status": 0}}, {"model": "info.attendanceclass", "pk": 674, "fields": {"assign": 13, "date": "2019-10-29", "status": 0}}, {"model": "info.attendanceclass", "pk": 675, "fields": {"assign": 13, "date": "2019-11-05", "status": 0}}, {"model": "info.attendanceclass", "pk": 676, "fields": {"assign": 13, "date": "2019-11-12", "status": 0}}, {"model": "info.attendanceclass", "pk": 677, "fields": {"assign": 13, "date": "2019-07-24", "status": 0}}, {"model": "info.attendanceclass", "pk": 678, "fields": {"assign": 13, "date": "2019-07-31", "status": 0}}, {"model": "info.attendanceclass", "pk": 679, "fields": {"assign": 13, "date": "2019-08-07", "status": 0}}, {"model": "info.attendanceclass", "pk": 680, "fields": {"assign": 13, "date": "2019-08-14", "status": 0}}, {"model": "info.attendanceclass", "pk": 681, "fields": {"assign": 13, "date": "2019-08-21", "status": 0}}, {"model": "info.attendanceclass", "pk": 682, "fields": {"assign": 13, "date": "2019-08-28", "status": 0}}, {"model": "info.attendanceclass", "pk": 683, "fields": {"assign": 13, "date": "2019-09-04", "status": 0}}, {"model": "info.attendanceclass", "pk": 684, "fields": {"assign": 13, "date": "2019-09-11", "status": 0}}, {"model": "info.attendanceclass", "pk": 685, "fields": {"assign": 13, "date": "2019-09-18", "status": 0}}, {"model": "info.attendanceclass", "pk": 686, "fields": {"assign": 13, "date": "2019-09-25", "status": 0}}, {"model": "info.attendanceclass", "pk": 687, "fields": {"assign": 13, "date": "2019-10-02", "status": 0}}, {"model": "info.attendanceclass", "pk": 688, "fields": {"assign": 13, "date": "2019-10-09", "status": 0}}, {"model": "info.attendanceclass", "pk": 689, "fields": {"assign": 13, "date": "2019-10-16", "status": 0}}, {"model": "info.attendanceclass", "pk": 690, "fields": {"assign": 13, "date": "2019-10-23", "status": 0}}, {"model": "info.attendanceclass", "pk": 691, "fields": {"assign": 13, "date": "2019-10-30", "status": 0}}, {"model": "info.attendanceclass", "pk": 692, "fields": {"assign": 13, "date": "2019-11-06", "status": 0}}, {"model": "info.attendanceclass", "pk": 693, "fields": {"assign": 13, "date": "2019-11-13", "status": 0}}, {"model": "info.attendance", "pk": 1, "fields": {"course": "CS3002D", "student": "B170149CS", "attendanceclass": 639, "date": "2019-10-16", "status": true}}, {"model": "info.attendance", "pk": 2, "fields": {"course": "CS3002D", "student": "B170158CS", "attendanceclass": 639, "date": "2019-10-16", "status": true}}, {"model": "info.attendance", "pk": 3, "fields": {"course": "CS3002D", "student": "B170237CS", "attendanceclass": 639, "date": "2019-10-16", "status": true}}, {"model": "info.attendance", "pk": 4, "fields": {"course": "CS3002D", "student": "B170149CS", "attendanceclass": 606, "date": "2019-10-21", "status": true}}, {"model": "info.attendance", "pk": 5, "fields": {"course": "CS3002D", "student": "B170158CS", "attendanceclass": 606, "date": "2019-10-21", "status": false}}, {"model": "info.attendance", "pk": 6, "fields": {"course": "CS3002D", "student": "B170237CS", "attendanceclass": 606, "date": "2019-10-21", "status": true}}, {"model": "info.attendance", "pk": 7, "fields": {"course": "CS3002D", "student": "B170149CS", "attendanceclass": 623, "date": "2019-10-22", "status": true}}, {"model": "info.attendance", "pk": 8, "fields": {"course": "CS3002D", "student": "B170158CS", "attendanceclass": 623, "date": "2019-10-22", "status": true}}, {"model": "info.attendance", "pk": 9, "fields": {"course": "CS3002D", "student": "B170237CS", "attendanceclass": 623, "date": "2019-10-22", "status": false}}, {"model": "info.attendance", "pk": 10, "fields": {"course": "CS3002D", "student": "B170149CS", "attendanceclass": 640, "date": "2019-10-23", "status": true}}, {"model": "info.attendance", "pk": 11, "fields": {"course": "CS3002D", "student": "B170158CS", "attendanceclass": 640, "date": "2019-10-23", "status": true}}, {"model": "info.attendance", "pk": 12, "fields": {"course": "CS3002D", "student": "B170237CS", "attendanceclass": 640, "date": "2019-10-23", "status": true}}, {"model": "info.attendance", "pk": 13, "fields": {"course": "CS3002D", "student": "B170149CS", "attendanceclass": 607, "date": "2019-10-28", "status": true}}, {"model": "info.attendance", "pk": 14, "fields": {"course": "CS3002D", "student": "B170158CS", "attendanceclass": 607, "date": "2019-10-28", "status": true}}, {"model": "info.attendance", "pk": 15, "fields": {"course": "CS3002D", "student": "B170237CS", "attendanceclass": 607, "date": "2019-10-28", "status": true}}, {"model": "info.attendance", "pk": 16, "fields": {"course": "CS3002D", "student": "B170149CS", "attendanceclass": 624, "date": "2019-10-29", "status": false}}, {"model": "info.attendance", "pk": 17, "fields": {"course": "CS3002D", "student": "B170158CS", "attendanceclass": 624, "date": "2019-10-29", "status": true}}, {"model": "info.attendance", "pk": 18, "fields": {"course": "CS3002D", "student": "B170237CS", "attendanceclass": 624, "date": "2019-10-29", "status": true}}, {"model": "info.attendance", "pk": 19, "fields": {"course": "CS3002D", "student": "B170149CS", "attendanceclass": 641, "date": "2019-10-30", "status": true}}, {"model": "info.attendance", "pk": 20, "fields": {"course": "CS3002D", "student": "B170158CS", "attendanceclass": 641, "date": "2019-10-30", "status": true}}, {"model": "info.attendance", "pk": 21, "fields": {"course": "CS3002D", "student": "B170237CS", "attendanceclass": 641, "date": "2019-10-30", "status": true}}, {"model": "info.attendance", "pk": 25, "fields": {"course": "CS3002D", "student": "B170149CS", "attendanceclass": 625, "date": "2019-11-05", "status": false}}, {"model": "info.attendance", "pk": 26, "fields": {"course": "CS3002D", "student": "B170158CS", "attendanceclass": 625, "date": "2019-11-05", "status": false}}, {"model": "info.attendance", "pk": 27, "fields": {"course": "CS3002D", "student": "B170237CS", "attendanceclass": 625, "date": "2019-11-05", "status": true}}, {"model": "info.attendance", "pk": 28, "fields": {"course": "CS3002D", "student": "B170149CS", "attendanceclass": 642, "date": "2019-11-06", "status": true}}, {"model": "info.attendance", "pk": 29, "fields": {"course": "CS3002D", "student": "B170158CS", "attendanceclass": 642, "date": "2019-11-06", "status": true}}, {"model": "info.attendance", "pk": 30, "fields": {"course": "CS3002D", "student": "B170237CS", "attendanceclass": 642, "date": "2019-11-06", "status": true}}, {"model": "info.attendance", "pk": 31, "fields": {"course": "CS3002D", "student": "B170149CS", "attendanceclass": 609, "date": "2019-11-11", "status": true}}, {"model": "info.attendance", "pk": 32, "fields": {"course": "CS3002D", "student": "B170158CS", "attendanceclass": 609, "date": "2019-11-11", "status": true}}, {"model": "info.attendance", "pk": 33, "fields": {"course": "CS3002D", "student": "B170237CS", "attendanceclass": 609, "date": "2019-11-11", "status": true}}, {"model": "info.attendance", "pk": 34, "fields": {"course": "CS3002D", "student": "B170149CS", "attendanceclass": 626, "date": "2019-11-12", "status": true}}, {"model": "info.attendance", "pk": 35, "fields": {"course": "CS3002D", "student": "B170158CS", "attendanceclass": 626, "date": "2019-11-12", "status": true}}, {"model": "info.attendance", "pk": 36, "fields": {"course": "CS3002D", "student": "B170237CS", "attendanceclass": 626, "date": "2019-11-12", "status": true}}, {"model": "info.attendancetotal", "pk": 1, "fields": {"course": "CS3002D", "student": "B170237CS"}}, {"model": "info.attendancetotal", "pk": 2, "fields": {"course": "CS3003D", "student": "B170237CS"}}, {"model": "info.attendancetotal", "pk": 3, "fields": {"course": "CS3001D", "student": "B170237CS"}}, {"model": "info.attendancetotal", "pk": 4, "fields": {"course": "CS4040D", "student": "B180150CS"}}, {"model": "info.attendancetotal", "pk": 5, "fields": {"course": "CS3002D", "student": "B170149CS"}}, {"model": "info.attendancetotal", "pk": 6, "fields": {"course": "CS3002D", "student": "B170158CS"}}, {"model": "info.studentcourse", "pk": 6, "fields": {"student": "B170149CS", "course": "CS3003D"}}, {"model": "info.studentcourse", "pk": 7, "fields": {"student": "B170158CS", "course": "CS3003D"}}, {"model": "info.studentcourse", "pk": 8, "fields": {"student": "B170237CS", "course": "CS3003D"}}, {"model": "info.studentcourse", "pk": 9, "fields": {"student": "B170217CS", "course": "CS3003D"}}, {"model": "info.studentcourse", "pk": 10, "fields": {"student": "B170388CS", "course": "CS3003D"}}, {"model": "info.studentcourse", "pk": 11, "fields": {"student": "B170149CS", "course": "CS3001D"}}, {"model": "info.studentcourse", "pk": 12, "fields": {"student": "B170158CS", "course": "CS3001D"}}, {"model": "info.studentcourse", "pk": 13, "fields": {"student": "B170237CS", "course": "CS3001D"}}, {"model": "info.studentcourse", "pk": 14, "fields": {"student": "B170217CS", "course": "CS3001D"}}, {"model": "info.studentcourse", "pk": 15, "fields": {"student": "B170388CS", "course": "CS3001D"}}, {"model": "info.studentcourse", "pk": 16, "fields": {"student": "B170128EC", "course": "EC3089D"}}, {"model": "info.studentcourse", "pk": 17, "fields": {"student": "B180150CS", "course": "CS4040D"}}, {"model": "info.studentcourse", "pk": 22, "fields": {"student": "B170149CS", "course": "CS3002D"}}, {"model": "info.studentcourse", "pk": 23, "fields": {"student": "B170158CS", "course": "CS3002D"}}, {"model": "info.studentcourse", "pk": 24, "fields": {"student": "B170237CS", "course": "CS3002D"}}, {"model": "info.studentcourse", "pk": 25, "fields": {"student": "B170217CS", "course": "CS3002D"}}, {"model": "info.studentcourse", "pk": 26, "fields": {"student": "B170388CS", "course": "CS3002D"}}, {"model": "info.marks", "pk": 21, "fields": {"studentcourse": 6, "name": "Mid Term", "marks1": 0}}, {"model": "info.marks", "pk": 22, "fields": {"studentcourse": 6, "name": "Project", "marks1": 0}}, {"model": "info.marks", "pk": 23, "fields": {"studentcourse": 6, "name": "Internals", "marks1": 0}}, {"model": "info.marks", "pk": 24, "fields": {"studentcourse": 6, "name": "End Semester Exam", "marks1": 0}}, {"model": "info.marks", "pk": 25, "fields": {"studentcourse": 7, "name": "Mid Term", "marks1": 0}}, {"model": "info.marks", "pk": 26, "fields": {"studentcourse": 7, "name": "Project", "marks1": 0}}, {"model": "info.marks", "pk": 27, "fields": {"studentcourse": 7, "name": "Internals", "marks1": 0}}, {"model": "info.marks", "pk": 28, "fields": {"studentcourse": 7, "name": "End Semester Exam", "marks1": 0}}, {"model": "info.marks", "pk": 29, "fields": {"studentcourse": 8, "name": "Mid Term", "marks1": 0}}, {"model": "info.marks", "pk": 30, "fields": {"studentcourse": 8, "name": "Project", "marks1": 0}}, {"model": "info.marks", "pk": 31, "fields": {"studentcourse": 8, "name": "Internals", "marks1": 0}}, {"model": "info.marks", "pk": 32, "fields": {"studentcourse": 8, "name": "End Semester Exam", "marks1": 0}}, {"model": "info.marks", "pk": 33, "fields": {"studentcourse": 9, "name": "Mid Term", "marks1": 0}}, {"model": "info.marks", "pk": 34, "fields": {"studentcourse": 9, "name": "Project", "marks1": 0}}, {"model": "info.marks", "pk": 35, "fields": {"studentcourse": 9, "name": "Internals", "marks1": 0}}, {"model": "info.marks", "pk": 36, "fields": {"studentcourse": 9, "name": "End Semester Exam", "marks1": 0}}, {"model": "info.marks", "pk": 37, "fields": {"studentcourse": 10, "name": "Mid Term", "marks1": 0}}, {"model": "info.marks", "pk": 38, "fields": {"studentcourse": 10, "name": "Project", "marks1": 0}}, {"model": "info.marks", "pk": 39, "fields": {"studentcourse": 10, "name": "Internals", "marks1": 0}}, {"model": "info.marks", "pk": 40, "fields": {"studentcourse": 10, "name": "End Semester Exam", "marks1": 0}}, {"model": "info.marks", "pk": 41, "fields": {"studentcourse": 11, "name": "Mid Term", "marks1": 0}}, {"model": "info.marks", "pk": 42, "fields": {"studentcourse": 11, "name": "Project", "marks1": 0}}, {"model": "info.marks", "pk": 43, "fields": {"studentcourse": 11, "name": "Internals", "marks1": 0}}, {"model": "info.marks", "pk": 44, "fields": {"studentcourse": 11, "name": "End Semester Exam", "marks1": 0}}, {"model": "info.marks", "pk": 45, "fields": {"studentcourse": 12, "name": "Mid Term", "marks1": 0}}, {"model": "info.marks", "pk": 46, "fields": {"studentcourse": 12, "name": "Project", "marks1": 0}}, {"model": "info.marks", "pk": 47, "fields": {"studentcourse": 12, "name": "Internals", "marks1": 0}}, {"model": "info.marks", "pk": 48, "fields": {"studentcourse": 12, "name": "End Semester Exam", "marks1": 0}}, {"model": "info.marks", "pk": 49, "fields": {"studentcourse": 13, "name": "Mid Term", "marks1": 0}}, {"model": "info.marks", "pk": 50, "fields": {"studentcourse": 13, "name": "Project", "marks1": 0}}, {"model": "info.marks", "pk": 51, "fields": {"studentcourse": 13, "name": "Internals", "marks1": 0}}, {"model": "info.marks", "pk": 52, "fields": {"studentcourse": 13, "name": "End Semester Exam", "marks1": 0}}, {"model": "info.marks", "pk": 53, "fields": {"studentcourse": 14, "name": "Mid Term", "marks1": 0}}, {"model": "info.marks", "pk": 54, "fields": {"studentcourse": 14, "name": "Project", "marks1": 0}}, {"model": "info.marks", "pk": 55, "fields": {"studentcourse": 14, "name": "Internals", "marks1": 0}}, {"model": "info.marks", "pk": 56, "fields": {"studentcourse": 14, "name": "End Semester Exam", "marks1": 0}}, {"model": "info.marks", "pk": 57, "fields": {"studentcourse": 15, "name": "Mid Term", "marks1": 0}}, {"model": "info.marks", "pk": 58, "fields": {"studentcourse": 15, "name": "Project", "marks1": 0}}, {"model": "info.marks", "pk": 59, "fields": {"studentcourse": 15, "name": "Internals", "marks1": 0}}, {"model": "info.marks", "pk": 60, "fields": {"studentcourse": 15, "name": "End Semester Exam", "marks1": 0}}, {"model": "info.marks", "pk": 61, "fields": {"studentcourse": 16, "name": "Mid Term", "marks1": 0}}, {"model": "info.marks", "pk": 62, "fields": {"studentcourse": 16, "name": "Project", "marks1": 0}}, {"model": "info.marks", "pk": 63, "fields": {"studentcourse": 16, "name": "Internals", "marks1": 0}}, {"model": "info.marks", "pk": 64, "fields": {"studentcourse": 16, "name": "End Semester Exam", "marks1": 0}}, {"model": "info.marks", "pk": 65, "fields": {"studentcourse": 17, "name": "Mid Term", "marks1": 0}}, {"model": "info.marks", "pk": 66, "fields": {"studentcourse": 17, "name": "Project", "marks1": 0}}, {"model": "info.marks", "pk": 67, "fields": {"studentcourse": 17, "name": "Internals", "marks1": 0}}, {"model": "info.marks", "pk": 68, "fields": {"studentcourse": 17, "name": "End Semester Exam", "marks1": 34}}, {"model": "info.marks", "pk": 81, "fields": {"studentcourse": 22, "name": "Mid Term", "marks1": 27}}, {"model": "info.marks", "pk": 82, "fields": {"studentcourse": 22, "name": "Project", "marks1": 9}}, {"model": "info.marks", "pk": 83, "fields": {"studentcourse": 22, "name": "Internals", "marks1": 7}}, {"model": "info.marks", "pk": 84, "fields": {"studentcourse": 22, "name": "End Semester Exam", "marks1": 44}}, {"model": "info.marks", "pk": 85, "fields": {"studentcourse": 23, "name": "Mid Term", "marks1": 25}}, {"model": "info.marks", "pk": 86, "fields": {"studentcourse": 23, "name": "Project", "marks1": 8}}, {"model": "info.marks", "pk": 87, "fields": {"studentcourse": 23, "name": "Internals", "marks1": 9}}, {"model": "info.marks", "pk": 88, "fields": {"studentcourse": 23, "name": "End Semester Exam", "marks1": 41}}, {"model": "info.marks", "pk": 89, "fields": {"studentcourse": 24, "name": "Mid Term", "marks1": 20}}, {"model": "info.marks", "pk": 90, "fields": {"studentcourse": 24, "name": "Project", "marks1": 7}}, {"model": "info.marks", "pk": 91, "fields": {"studentcourse": 24, "name": "Internals", "marks1": 6}}, {"model": "info.marks", "pk": 92, "fields": {"studentcourse": 24, "name": "End Semester Exam", "marks1": 32}}, {"model": "info.marks", "pk": 93, "fields": {"studentcourse": 25, "name": "Mid Term", "marks1": 0}}, {"model": "info.marks", "pk": 94, "fields": {"studentcourse": 25, "name": "Project", "marks1": 0}}, {"model": "info.marks", "pk": 95, "fields": {"studentcourse": 25, "name": "Internals", "marks1": 0}}, {"model": "info.marks", "pk": 96, "fields": {"studentcourse": 25, "name": "End Semester Exam", "marks1": 0}}, {"model": "info.marks", "pk": 97, "fields": {"studentcourse": 26, "name": "Mid Term", "marks1": 0}}, {"model": "info.marks", "pk": 98, "fields": {"studentcourse": 26, "name": "Project", "marks1": 0}}, {"model": "info.marks", "pk": 99, "fields": {"studentcourse": 26, "name": "Internals", "marks1": 0}}, {"model": "info.marks", "pk": 100, "fields": {"studentcourse": 26, "name": "End Semester Exam", "marks1": 0}}, {"model": "info.marksclass", "pk": 17, "fields": {"assign": 5, "name": "Mid Term", "status": false}}, {"model": "info.marksclass", "pk": 18, "fields": {"assign": 5, "name": "Project", "status": false}}, {"model": "info.marksclass", "pk": 19, "fields": {"assign": 5, "name": "Internals", "status": false}}, {"model": "info.marksclass", "pk": 20, "fields": {"assign": 5, "name": "End Semester Exam", "status": false}}, {"model": "info.marksclass", "pk": 21, "fields": {"assign": 6, "name": "Mid Term", "status": false}}, {"model": "info.marksclass", "pk": 22, "fields": {"assign": 6, "name": "Project", "status": false}}, {"model": "info.marksclass", "pk": 23, "fields": {"assign": 6, "name": "Internals", "status": false}}, {"model": "info.marksclass", "pk": 24, "fields": {"assign": 6, "name": "End Semester Exam", "status": false}}, {"model": "info.marksclass", "pk": 25, "fields": {"assign": 7, "name": "Mid Term", "status": false}}, {"model": "info.marksclass", "pk": 26, "fields": {"assign": 7, "name": "Project", "status": false}}, {"model": "info.marksclass", "pk": 27, "fields": {"assign": 7, "name": "Internals", "status": false}}, {"model": "info.marksclass", "pk": 28, "fields": {"assign": 7, "name": "End Semester Exam", "status": false}}, {"model": "info.marksclass", "pk": 29, "fields": {"assign": 8, "name": "Mid Term", "status": false}}, {"model": "info.marksclass", "pk": 30, "fields": {"assign": 8, "name": "Project", "status": false}}, {"model": "info.marksclass", "pk": 31, "fields": {"assign": 8, "name": "Internals", "status": false}}, {"model": "info.marksclass", "pk": 32, "fields": {"assign": 8, "name": "End Semester Exam", "status": false}}, {"model": "info.marksclass", "pk": 33, "fields": {"assign": 9, "name": "Mid Term", "status": false}}, {"model": "info.marksclass", "pk": 34, "fields": {"assign": 9, "name": "Project", "status": false}}, {"model": "info.marksclass", "pk": 35, "fields": {"assign": 9, "name": "Internals", "status": false}}, {"model": "info.marksclass", "pk": 36, "fields": {"assign": 9, "name": "End Semester Exam", "status": false}}, {"model": "info.marksclass", "pk": 37, "fields": {"assign": 10, "name": "Mid Term", "status": false}}, {"model": "info.marksclass", "pk": 38, "fields": {"assign": 10, "name": "Project", "status": false}}, {"model": "info.marksclass", "pk": 39, "fields": {"assign": 10, "name": "Internals", "status": false}}, {"model": "info.marksclass", "pk": 40, "fields": {"assign": 10, "name": "End Semester Exam", "status": true}}, {"model": "info.marksclass", "pk": 45, "fields": {"assign": 12, "name": "Mid Term", "status": true}}, {"model": "info.marksclass", "pk": 46, "fields": {"assign": 12, "name": "Project", "status": true}}, {"model": "info.marksclass", "pk": 47, "fields": {"assign": 12, "name": "Internals", "status": true}}, {"model": "info.marksclass", "pk": 48, "fields": {"assign": 12, "name": "End Semester Exam", "status": true}}, {"model": "info.marksclass", "pk": 49, "fields": {"assign": 13, "name": "Mid Term", "status": false}}, {"model": "info.marksclass", "pk": 50, "fields": {"assign": 13, "name": "Project", "status": false}}, {"model": "info.marksclass", "pk": 51, "fields": {"assign": 13, "name": "Internals", "status": false}}, {"model": "info.marksclass", "pk": 52, "fields": {"assign": 13, "name": "End Semester Exam", "status": false}}, {"model": "contenttypes.contenttype", "pk": 1, "fields": {"app_label": "info", "model": "user"}}, {"model": "contenttypes.contenttype", "pk": 2, "fields": {"app_label": "info", "model": "assign"}}, {"model": "contenttypes.contenttype", "pk": 3, "fields": {"app_label": "info", "model": "class"}}, {"model": "contenttypes.contenttype", "pk": 4, "fields": {"app_label": "info", "model": "course"}}, {"model": "contenttypes.contenttype", "pk": 5, "fields": {"app_label": "info", "model": "dept"}}, {"model": "contenttypes.contenttype", "pk": 6, "fields": {"app_label": "info", "model": "student"}}, {"model": "contenttypes.contenttype", "pk": 7, "fields": {"app_label": "info", "model": "teacher"}}, {"model": "contenttypes.contenttype", "pk": 8, "fields": {"app_label": "info", "model": "studentcourse"}}, {"model": "contenttypes.contenttype", "pk": 9, "fields": {"app_label": "info", "model": "attendanceclass"}}, {"model": "contenttypes.contenttype", "pk": 10, "fields": {"app_label": "info", "model": "attendance"}}, {"model": "contenttypes.contenttype", "pk": 11, "fields": {"app_label": "info", "model": "assigntime"}}, {"model": "contenttypes.contenttype", "pk": 12, "fields": {"app_label": "info", "model": "marksclass"}}, {"model": "contenttypes.contenttype", "pk": 13, "fields": {"app_label": "info", "model": "marks"}}, {"model": "contenttypes.contenttype", "pk": 14, "fields": {"app_label": "info", "model": "attendancetotal"}}, {"model": "contenttypes.contenttype", "pk": 15, "fields": {"app_label": "admin", "model": "logentry"}}, {"model": "contenttypes.contenttype", "pk": 16, "fields": {"app_label": "auth", "model": "permission"}}, {"model": "contenttypes.contenttype", "pk": 17, "fields": {"app_label": "auth", "model": "group"}}, {"model": "contenttypes.contenttype", "pk": 18, "fields": {"app_label": "contenttypes", "model": "contenttype"}}, {"model": "contenttypes.contenttype", "pk": 19, "fields": {"app_label": "sessions", "model": "session"}}, {"model": "auth.permission", "pk": 1, "fields": {"name": "Can add user", "content_type": 1, "codename": "add_user"}}, {"model": "auth.permission", "pk": 2, "fields": {"name": "Can change user", "content_type": 1, "codename": "change_user"}}, {"model": "auth.permission", "pk": 3, "fields": {"name": "Can delete user", "content_type": 1, "codename": "delete_user"}}, {"model": "auth.permission", "pk": 4, "fields": {"name": "Can view user", "content_type": 1, "codename": "view_user"}}, {"model": "auth.permission", "pk": 5, "fields": {"name": "Can add assign", "content_type": 2, "codename": "add_assign"}}, {"model": "auth.permission", "pk": 6, "fields": {"name": "Can change assign", "content_type": 2, "codename": "change_assign"}}, {"model": "auth.permission", "pk": 7, "fields": {"name": "Can delete assign", "content_type": 2, "codename": "delete_assign"}}, {"model": "auth.permission", "pk": 8, "fields": {"name": "Can view assign", "content_type": 2, "codename": "view_assign"}}, {"model": "auth.permission", "pk": 9, "fields": {"name": "Can add class", "content_type": 3, "codename": "add_class"}}, {"model": "auth.permission", "pk": 10, "fields": {"name": "Can change class", "content_type": 3, "codename": "change_class"}}, {"model": "auth.permission", "pk": 11, "fields": {"name": "Can delete class", "content_type": 3, "codename": "delete_class"}}, {"model": "auth.permission", "pk": 12, "fields": {"name": "Can view class", "content_type": 3, "codename": "view_class"}}, {"model": "auth.permission", "pk": 13, "fields": {"name": "Can add course", "content_type": 4, "codename": "add_course"}}, {"model": "auth.permission", "pk": 14, "fields": {"name": "Can change course", "content_type": 4, "codename": "change_course"}}, {"model": "auth.permission", "pk": 15, "fields": {"name": "Can delete course", "content_type": 4, "codename": "delete_course"}}, {"model": "auth.permission", "pk": 16, "fields": {"name": "Can view course", "content_type": 4, "codename": "view_course"}}, {"model": "auth.permission", "pk": 17, "fields": {"name": "Can add dept", "content_type": 5, "codename": "add_dept"}}, {"model": "auth.permission", "pk": 18, "fields": {"name": "Can change dept", "content_type": 5, "codename": "change_dept"}}, {"model": "auth.permission", "pk": 19, "fields": {"name": "Can delete dept", "content_type": 5, "codename": "delete_dept"}}, {"model": "auth.permission", "pk": 20, "fields": {"name": "Can view dept", "content_type": 5, "codename": "view_dept"}}, {"model": "auth.permission", "pk": 21, "fields": {"name": "Can add student", "content_type": 6, "codename": "add_student"}}, {"model": "auth.permission", "pk": 22, "fields": {"name": "Can change student", "content_type": 6, "codename": "change_student"}}, {"model": "auth.permission", "pk": 23, "fields": {"name": "Can delete student", "content_type": 6, "codename": "delete_student"}}, {"model": "auth.permission", "pk": 24, "fields": {"name": "Can view student", "content_type": 6, "codename": "view_student"}}, {"model": "auth.permission", "pk": 25, "fields": {"name": "Can add teacher", "content_type": 7, "codename": "add_teacher"}}, {"model": "auth.permission", "pk": 26, "fields": {"name": "Can change teacher", "content_type": 7, "codename": "change_teacher"}}, {"model": "auth.permission", "pk": 27, "fields": {"name": "Can delete teacher", "content_type": 7, "codename": "delete_teacher"}}, {"model": "auth.permission", "pk": 28, "fields": {"name": "Can view teacher", "content_type": 7, "codename": "view_teacher"}}, {"model": "auth.permission", "pk": 29, "fields": {"name": "Can add student course", "content_type": 8, "codename": "add_studentcourse"}}, {"model": "auth.permission", "pk": 30, "fields": {"name": "Can change student course", "content_type": 8, "codename": "change_studentcourse"}}, {"model": "auth.permission", "pk": 31, "fields": {"name": "Can delete student course", "content_type": 8, "codename": "delete_studentcourse"}}, {"model": "auth.permission", "pk": 32, "fields": {"name": "Can view student course", "content_type": 8, "codename": "view_studentcourse"}}, {"model": "auth.permission", "pk": 33, "fields": {"name": "Can add attendance class", "content_type": 9, "codename": "add_attendanceclass"}}, {"model": "auth.permission", "pk": 34, "fields": {"name": "Can change attendance class", "content_type": 9, "codename": "change_attendanceclass"}}, {"model": "auth.permission", "pk": 35, "fields": {"name": "Can delete attendance class", "content_type": 9, "codename": "delete_attendanceclass"}}, {"model": "auth.permission", "pk": 36, "fields": {"name": "Can view attendance class", "content_type": 9, "codename": "view_attendanceclass"}}, {"model": "auth.permission", "pk": 37, "fields": {"name": "Can add attendance", "content_type": 10, "codename": "add_attendance"}}, {"model": "auth.permission", "pk": 38, "fields": {"name": "Can change attendance", "content_type": 10, "codename": "change_attendance"}}, {"model": "auth.permission", "pk": 39, "fields": {"name": "Can delete attendance", "content_type": 10, "codename": "delete_attendance"}}, {"model": "auth.permission", "pk": 40, "fields": {"name": "Can view attendance", "content_type": 10, "codename": "view_attendance"}}, {"model": "auth.permission", "pk": 41, "fields": {"name": "Can add assign time", "content_type": 11, "codename": "add_assigntime"}}, {"model": "auth.permission", "pk": 42, "fields": {"name": "Can change assign time", "content_type": 11, "codename": "change_assigntime"}}, {"model": "auth.permission", "pk": 43, "fields": {"name": "Can delete assign time", "content_type": 11, "codename": "delete_assigntime"}}, {"model": "auth.permission", "pk": 44, "fields": {"name": "Can view assign time", "content_type": 11, "codename": "view_assigntime"}}, {"model": "auth.permission", "pk": 45, "fields": {"name": "Can add marks class", "content_type": 12, "codename": "add_marksclass"}}, {"model": "auth.permission", "pk": 46, "fields": {"name": "Can change marks class", "content_type": 12, "codename": "change_marksclass"}}, {"model": "auth.permission", "pk": 47, "fields": {"name": "Can delete marks class", "content_type": 12, "codename": "delete_marksclass"}}, {"model": "auth.permission", "pk": 48, "fields": {"name": "Can view marks class", "content_type": 12, "codename": "view_marksclass"}}, {"model": "auth.permission", "pk": 49, "fields": {"name": "Can add marks", "content_type": 13, "codename": "add_marks"}}, {"model": "auth.permission", "pk": 50, "fields": {"name": "Can change marks", "content_type": 13, "codename": "change_marks"}}, {"model": "auth.permission", "pk": 51, "fields": {"name": "Can delete marks", "content_type": 13, "codename": "delete_marks"}}, {"model": "auth.permission", "pk": 52, "fields": {"name": "Can view marks", "content_type": 13, "codename": "view_marks"}}, {"model": "auth.permission", "pk": 53, "fields": {"name": "Can add attendance total", "content_type": 14, "codename": "add_attendancetotal"}}, {"model": "auth.permission", "pk": 54, "fields": {"name": "Can change attendance total", "content_type": 14, "codename": "change_attendancetotal"}}, {"model": "auth.permission", "pk": 55, "fields": {"name": "Can delete attendance total", "content_type": 14, "codename": "delete_attendancetotal"}}, {"model": "auth.permission", "pk": 56, "fields": {"name": "Can view attendance total", "content_type": 14, "codename": "view_attendancetotal"}}, {"model": "auth.permission", "pk": 57, "fields": {"name": "Can add log entry", "content_type": 15, "codename": "add_logentry"}}, {"model": "auth.permission", "pk": 58, "fields": {"name": "Can change log entry", "content_type": 15, "codename": "change_logentry"}}, {"model": "auth.permission", "pk": 59, "fields": {"name": "Can delete log entry", "content_type": 15, "codename": "delete_logentry"}}, {"model": "auth.permission", "pk": 60, "fields": {"name": "Can view log entry", "content_type": 15, "codename": "view_logentry"}}, {"model": "auth.permission", "pk": 61, "fields": {"name": "Can add permission", "content_type": 16, "codename": "add_permission"}}, {"model": "auth.permission", "pk": 62, "fields": {"name": "Can change permission", "content_type": 16, "codename": "change_permission"}}, {"model": "auth.permission", "pk": 63, "fields": {"name": "Can delete permission", "content_type": 16, "codename": "delete_permission"}}, {"model": "auth.permission", "pk": 64, "fields": {"name": "Can view permission", "content_type": 16, "codename": "view_permission"}}, {"model": "auth.permission", "pk": 65, "fields": {"name": "Can add group", "content_type": 17, "codename": "add_group"}}, {"model": "auth.permission", "pk": 66, "fields": {"name": "Can change group", "content_type": 17, "codename": "change_group"}}, {"model": "auth.permission", "pk": 67, "fields": {"name": "Can delete group", "content_type": 17, "codename": "delete_group"}}, {"model": "auth.permission", "pk": 68, "fields": {"name": "Can view group", "content_type": 17, "codename": "view_group"}}, {"model": "auth.permission", "pk": 69, "fields": {"name": "Can add content type", "content_type": 18, "codename": "add_contenttype"}}, {"model": "auth.permission", "pk": 70, "fields": {"name": "Can change content type", "content_type": 18, "codename": "change_contenttype"}}, {"model": "auth.permission", "pk": 71, "fields": {"name": "Can delete content type", "content_type": 18, "codename": "delete_contenttype"}}, {"model": "auth.permission", "pk": 72, "fields": {"name": "Can view content type", "content_type": 18, "codename": "view_contenttype"}}, {"model": "auth.permission", "pk": 73, "fields": {"name": "Can add session", "content_type": 19, "codename": "add_session"}}, {"model": "auth.permission", "pk": 74, "fields": {"name": "Can change session", "content_type": 19, "codename": "change_session"}}, {"model": "auth.permission", "pk": 75, "fields": {"name": "Can delete session", "content_type": 19, "codename": "delete_session"}}, {"model": "auth.permission", "pk": 76, "fields": {"name": "Can view session", "content_type": 19, "codename": "view_session"}}, {"model": "info.user", "pk": 1, "fields": {"password": "pbkdf2_sha256$150000$M0xxdT2UlMFw$YcW6qZlarj3xYwVoW+WXvAwNUXqxtg1plNn83KQCnBE=", "last_login": "2019-11-20T16:51:49.238Z", "is_superuser": true, "username": "dbms", "first_name": "", "last_name": "", "email": "", "is_staff": true, "is_active": true, "date_joined": "2019-11-20T15:24:16.723Z", "groups": [], "user_permissions": []}}, {"model": "info.user", "pk": 2, "fields": {"password": "pbkdf2_sha256$150000$P1H2G9EbXcZE$UyKf0UT4EFBXGiltQdvlYz4gsrvnhZ54BikLkBoxkdw=", "last_login": "2019-11-20T17:21:23.115Z", "is_superuser": false, "username": "nazeer", "first_name": "", "last_name": "", "email": "", "is_staff": false, "is_active": true, "date_joined": "2019-11-20T15:45:06.632Z", "groups": [], "user_permissions": []}}, {"model": "info.user", "pk": 3, "fields": {"password": "pbkdf2_sha256$150000$EUAffKJN6vLi$fKjvhCqMEQ3HlGHoDf9ub1D6aZbVv78bOV0vGzFlRTc=", "last_login": null, "is_superuser": false, "username": "gopakumar", "first_name": "", "last_name": "", "email": "", "is_staff": false, "is_active": true, "date_joined": "2019-11-20T15:51:28.753Z", "groups": [], "user_permissions": []}}, {"model": "info.user", "pk": 4, "fields": {"password": "pbkdf2_sha256$150000$IvBFuIDqm6ue$iaWmkoiLhshYw86Xucuhe1ZuoFWOzEgNSsfS/NfStos=", "last_login": "2019-11-20T17:00:45.197Z", "is_superuser": false, "username": "sudeep", "first_name": "", "last_name": "", "email": "", "is_staff": false, "is_active": true, "date_joined": "2019-11-20T15:53:02.184Z", "groups": [], "user_permissions": []}}, {"model": "info.user", "pk": 5, "fields": {"password": "pbkdf2_sha256$150000$EFTaLUFxqkVe$VsBbTGK1yLTuKB0mEQOT4r2UqLgtdEQ180nDHr6XPuw=", "last_login": null, "is_superuser": false, "username": "saidalavi", "first_name": "", "last_name": "", "email": "", "is_staff": false, "is_active": true, "date_joined": "2019-11-20T15:53:50.361Z", "groups": [], "user_permissions": []}}, {"model": "info.user", "pk": 6, "fields": {"password": "pbkdf2_sha256$150000$bSPLKFMfjobf$lJ1KDXGcfJB4lej8iiUIbE45tMJ/EmHscAB9L+nQdnA=", "last_login": null, "is_superuser": false, "username": "jyothsna", "first_name": "", "last_name": "", "email": "", "is_staff": false, "is_active": true, "date_joined": "2019-11-20T15:55:24.876Z", "groups": [], "user_permissions": []}}, {"model": "info.user", "pk": 7, "fields": {"password": "pbkdf2_sha256$150000$UZK7LUER0vVl$QQPYTIVCeVxisKN5wDgn4aBjDHl0Brx13Aq/cRvM/zg=", "last_login": "2019-11-20T17:28:44.882Z", "is_superuser": false, "username": "rosh", "first_name": "", "last_name": "", "email": "", "is_staff": false, "is_active": true, "date_joined": "2019-11-20T15:58:33.831Z", "groups": [], "user_permissions": []}}, {"model": "info.user", "pk": 8, "fields": {"password": "pbkdf2_sha256$150000$34McH2C42LCs$1IQFFvavbHpVZR25gTZT/Ck2VBuEZYqRh3JC3z+RKAo=", "last_login": null, "is_superuser": false, "username": "tarun", "first_name": "", "last_name": "", "email": "", "is_staff": false, "is_active": true, "date_joined": "2019-11-20T16:00:08.137Z", "groups": [], "user_permissions": []}}, {"model": "info.user", "pk": 9, "fields": {"password": "pbkdf2_sha256$150000$PIPyvww8bNUm$lNBcjrCT6bU1k3zc5iIUu3ANJbvD5ilp8U+v6UjVtJ8=", "last_login": null, "is_superuser": false, "username": "athul", "first_name": "", "last_name": "", "email": "", "is_staff": false, "is_active": true, "date_joined": "2019-11-20T16:01:02.153Z", "groups": [], "user_permissions": []}}, {"model": "info.user", "pk": 10, "fields": {"password": "pbkdf2_sha256$150000$4ToI7MEQCXdj$iqWWsI8pSDqE33igb1lR1vh9CGU7amy3T4V3TVL09Q0=", "last_login": null, "is_superuser": false, "username": "midhun", "first_name": "", "last_name": "", "email": "", "is_staff": false, "is_active": true, "date_joined": "2019-11-20T16:01:50.844Z", "groups": [], "user_permissions": []}}, {"model": "info.user", "pk": 11, "fields": {"password": "pbkdf2_sha256$150000$6rHMCBhz2q78$ELRY8I1eJ38x//LOH+CEdaHATSC76B/25Vv8j1TPQRU=", "last_login": null, "is_superuser": false, "username": "abin", "first_name": "", "last_name": "", "email": "", "is_staff": false, "is_active": true, "date_joined": "2019-11-20T16:02:58.047Z", "groups": [], "user_permissions": []}}, {"model": "info.user", "pk": 12, "fields": {"password": "pbkdf2_sha256$150000$9DDBcbCRWPtd$mMNoIu/t5futCKzQPAXf4ir0SZsjZSjUDZZwIJcX3UQ=", "last_login": null, "is_superuser": false, "username": "shuhaib", "first_name": "", "last_name": "", "email": "", "is_staff": false, "is_active": true, "date_joined": "2019-11-20T16:05:27.660Z", "groups": [], "user_permissions": []}}, {"model": "info.user", "pk": 13, "fields": {"password": "pbkdf2_sha256$150000$tNHSsitt3U95$nLQApkQNzrGmdJPrO3MRhmKa2N+A7/fEsf0lZst1Hp4=", "last_login": null, "is_superuser": false, "username": "arjun", "first_name": "", "last_name": "", "email": "", "is_staff": false, "is_active": true, "date_joined": "2019-11-20T16:06:54.717Z", "groups": [], "user_permissions": []}}, {"model": "info.student", "pk": "B170128EC", "fields": {"user": 13, "class_id": "ECE3G", "name": "Arjun S", "sex": "Male", "DOB": "1998-04-02", "prof_image": "images/anonym.png", "image_height": 150, "image_width": 150}}, {"model": "info.student", "pk": "B170149CS", "fields": {"user": 10, "class_id": "CS3A", "name": "Midhun Martin", "sex": "Male", "DOB": "2000-02-11", "prof_image": "images/anonym.png", "image_height": 150, "image_width": 150}}, {"model": "info.student", "pk": "B170158CS", "fields": {"user": 9, "class_id": "CS3A", "name": "Athul Krishna K P", "sex": "Male", "DOB": "1999-03-29", "prof_image": "images/anonym.png", "image_height": 150, "image_width": 150}}, {"model": "info.student", "pk": "B170217CS", "fields": {"user": 11, "class_id": "CS3B", "name": "Abin K Paul", "sex": "Male", "DOB": "1999-04-22", "prof_image": "images/anonym.png", "image_height": 150, "image_width": 150}}, {"model": "info.student", "pk": "B170237CS", "fields": {"user": 7, "class_id": "CS3A", "name": "Roshan R", "sex": "Male", "DOB": "1999-06-06", "prof_image": "images/anonym.png", "image_height": 150, "image_width": 150}}, {"model": "info.student", "pk": "B170388CS", "fields": {"user": 8, "class_id": "CS3B", "name": "Tarun Verma", "sex": "Male", "DOB": "1998-04-03", "prof_image": "images/anonym.png", "image_height": 150, "image_width": 150}}, {"model": "info.student", "pk": "B180150CS", "fields": {"user": 12, "class_id": "CS2A", "name": "Shuhaib K S", "sex": "Male", "DOB": "1998-04-20", "prof_image": "images/anonym.png", "image_height": 150, "image_width": 150}}, {"model": "info.teacher", "pk": "CS1", "fields": {"user": 2, "dept": "1", "name": "K Abdul Nazeer", "sex": "Male", "DOB": "1980-01-01", "prof_image": "images/anonym.png", "image_height": 150, "image_width": 150}}, {"model": "info.teacher", "pk": "CS2", "fields": {"user": 3, "dept": "1", "name": "Gopakumar G", "sex": "Male", "DOB": "1980-01-01", "prof_image": "images/anonym.png", "image_height": 150, "image_width": 150}}, {"model": "info.teacher", "pk": "CS3", "fields": {"user": 4, "dept": "1", "name": "Sudeep K S", "sex": "Male", "DOB": "1980-01-01", "prof_image": "images/anonym.png", "image_height": 150, "image_width": 150}}, {"model": "info.teacher", "pk": "CS4", "fields": {"user": 5, "dept": "1", "name": "Saidalavi Kalady", "sex": "Male", "DOB": "1980-01-01", "prof_image": "images/anonym.png", "image_height": 150, "image_width": 150}}, {"model": "info.teacher", "pk": "EC1", "fields": {"user": 6, "dept": "2", "name": "Jyothsna", "sex": "Female", "DOB": "1980-01-01", "prof_image": "images/anonym.png", "image_height": 150, "image_width": 150}}, {"model": "admin.logentry", "pk": 1, "fields": {"action_time": "2019-11-20T15:34:36.915Z", "user": 1, "content_type": 5, "object_id": "1", "object_repr": "Computer Science and Engineering", "action_flag": 1, "change_message": "[{\"added\": {}}, {\"added\": {\"name\": \"class\", \"object\": \"Computer Science and Engineering : 5 A\"}}]"}}, {"model": "admin.logentry", "pk": 2, "fields": {"action_time": "2019-11-20T15:35:25.947Z", "user": 1, "content_type": 5, "object_id": "1", "object_repr": "Computer Science and Engineering", "action_flag": 2, "change_message": "[{\"added\": {\"name\": \"class\", \"object\": \"Computer Science and Engineering : 5 B\"}}, {\"added\": {\"name\": \"class\", \"object\": \"Computer Science and Engineering : 3 A\"}}]"}}, {"model": "admin.logentry", "pk": 3, "fields": {"action_time": "2019-11-20T15:36:58.499Z", "user": 1, "content_type": 5, "object_id": "2", "object_repr": "Electrical and Comunication Engineering", "action_flag": 1, "change_message": "[{\"added\": {}}, {\"added\": {\"name\": \"class\", \"object\": \"Electrical and Comunication Engineering : 5 G\"}}]"}}, {"model": "admin.logentry", "pk": 4, "fields": {"action_time": "2019-11-20T15:38:42.936Z", "user": 1, "content_type": 4, "object_id": "CS3003D", "object_repr": "Operating System", "action_flag": 1, "change_message": "[{\"added\": {}}]"}}, {"model": "admin.logentry", "pk": 5, "fields": {"action_time": "2019-11-20T15:39:45.237Z", "user": 1, "content_type": 4, "object_id": "CS3002D", "object_repr": "Database Management System", "action_flag": 1, "change_message": "[{\"added\": {}}]"}}, {"model": "admin.logentry", "pk": 6, "fields": {"action_time": "2019-11-20T15:40:27.441Z", "user": 1, "content_type": 4, "object_id": "CS3001D", "object_repr": "Theory of Computation", "action_flag": 1, "change_message": "[{\"added\": {}}]"}}, {"model": "admin.logentry", "pk": 7, "fields": {"action_time": "2019-11-20T15:41:38.515Z", "user": 1, "content_type": 4, "object_id": "CS4040D", "object_repr": "Bioinformatics", "action_flag": 1, "change_message": "[{\"added\": {}}]"}}, {"model": "admin.logentry", "pk": 8, "fields": {"action_time": "2019-11-20T15:42:29.001Z", "user": 1, "content_type": 5, "object_id": "2", "object_repr": "Electronics and Comunication Engineering", "action_flag": 2, "change_message": "[{\"changed\": {\"fields\": [\"name\"]}}]"}}, {"model": "admin.logentry", "pk": 9, "fields": {"action_time": "2019-11-20T15:43:11.072Z", "user": 1, "content_type": 4, "object_id": "EC3089D", "object_repr": "Signal and Systems", "action_flag": 1, "change_message": "[{\"added\": {}}]"}}, {"model": "admin.logentry", "pk": 10, "fields": {"action_time": "2019-11-20T15:45:06.808Z", "user": 1, "content_type": 1, "object_id": "2", "object_repr": "nazeer", "action_flag": 1, "change_message": "[{\"added\": {}}]"}}, {"model": "admin.logentry", "pk": 11, "fields": {"action_time": "2019-11-20T15:50:10.418Z", "user": 1, "content_type": 7, "object_id": "CS1", "object_repr": "K Abdul Nazeer", "action_flag": 1, "change_message": "[{\"added\": {}}]"}}, {"model": "admin.logentry", "pk": 12, "fields": {"action_time": "2019-11-20T15:50:17.769Z", "user": 1, "content_type": 7, "object_id": "CS1", "object_repr": "K Abdul Nazeer", "action_flag": 2, "change_message": "[]"}}, {"model": "admin.logentry", "pk": 13, "fields": {"action_time": "2019-11-20T15:51:28.917Z", "user": 1, "content_type": 1, "object_id": "3", "object_repr": "gopakumar", "action_flag": 1, "change_message": "[{\"added\": {}}]"}}, {"model": "admin.logentry", "pk": 14, "fields": {"action_time": "2019-11-20T15:52:34.971Z", "user": 1, "content_type": 7, "object_id": "CS2", "object_repr": "Gopakumar G", "action_flag": 1, "change_message": "[{\"added\": {}}]"}}, {"model": "admin.logentry", "pk": 15, "fields": {"action_time": "2019-11-20T15:53:02.350Z", "user": 1, "content_type": 1, "object_id": "4", "object_repr": "sudeep", "action_flag": 1, "change_message": "[{\"added\": {}}]"}}, {"model": "admin.logentry", "pk": 16, "fields": {"action_time": "2019-11-20T15:53:19.888Z", "user": 1, "content_type": 7, "object_id": "CS3", "object_repr": "Sudeep K S", "action_flag": 1, "change_message": "[{\"added\": {}}]"}}, {"model": "admin.logentry", "pk": 17, "fields": {"action_time": "2019-11-20T15:53:50.526Z", "user": 1, "content_type": 1, "object_id": "5", "object_repr": "saidalavi", "action_flag": 1, "change_message": "[{\"added\": {}}]"}}, {"model": "admin.logentry", "pk": 18, "fields": {"action_time": "2019-11-20T15:54:45.524Z", "user": 1, "content_type": 7, "object_id": "CS4", "object_repr": "Saidalavi Kalady", "action_flag": 1, "change_message": "[{\"added\": {}}]"}}, {"model": "admin.logentry", "pk": 19, "fields": {"action_time": "2019-11-20T15:55:25.041Z", "user": 1, "content_type": 1, "object_id": "6", "object_repr": "jyothsna", "action_flag": 1, "change_message": "[{\"added\": {}}]"}}, {"model": "admin.logentry", "pk": 20, "fields": {"action_time": "2019-11-20T15:56:05.347Z", "user": 1, "content_type": 7, "object_id": "EC1", "object_repr": "Jyothsna", "action_flag": 1, "change_message": "[{\"added\": {}}]"}}, {"model": "admin.logentry", "pk": 21, "fields": {"action_time": "2019-11-20T15:56:22.380Z", "user": 1, "content_type": 7, "object_id": "EC1", "object_repr": "Jyothsna", "action_flag": 2, "change_message": "[{\"changed\": {\"fields\": [\"dept\"]}}]"}}, {"model": "admin.logentry", "pk": 22, "fields": {"action_time": "2019-11-20T15:57:08.095Z", "user": 1, "content_type": 5, "object_id": "2", "object_repr": "Electronics and Communication Engineering", "action_flag": 2, "change_message": "[{\"changed\": {\"fields\": [\"name\"]}}]"}}, {"model": "admin.logentry", "pk": 23, "fields": {"action_time": "2019-11-20T15:58:33.996Z", "user": 1, "content_type": 1, "object_id": "7", "object_repr": "rosh", "action_flag": 1, "change_message": "[{\"added\": {}}]"}}, {"model": "admin.logentry", "pk": 24, "fields": {"action_time": "2019-11-20T15:59:54.120Z", "user": 1, "content_type": 6, "object_id": "B170237CS", "object_repr": "Roshan R", "action_flag": 1, "change_message": "[{\"added\": {}}]"}}, {"model": "admin.logentry", "pk": 25, "fields": {"action_time": "2019-11-20T16:00:08.311Z", "user": 1, "content_type": 1, "object_id": "8", "object_repr": "tarun", "action_flag": 1, "change_message": "[{\"added\": {}}]"}}, {"model": "admin.logentry", "pk": 26, "fields": {"action_time": "2019-11-20T16:00:46.229Z", "user": 1, "content_type": 6, "object_id": "B170388CS", "object_repr": "Tarun Verma", "action_flag": 1, "change_message": "[{\"added\": {}}]"}}, {"model": "admin.logentry", "pk": 27, "fields": {"action_time": "2019-11-20T16:01:02.317Z", "user": 1, "content_type": 1, "object_id": "9", "object_repr": "athul", "action_flag": 1, "change_message": "[{\"added\": {}}]"}}, {"model": "admin.logentry", "pk": 28, "fields": {"action_time": "2019-11-20T16:01:40.525Z", "user": 1, "content_type": 6, "object_id": "B170158CS", "object_repr": "Athul Krishna K P", "action_flag": 1, "change_message": "[{\"added\": {}}]"}}, {"model": "admin.logentry", "pk": 29, "fields": {"action_time": "2019-11-20T16:01:51.010Z", "user": 1, "content_type": 1, "object_id": "10", "object_repr": "midhun", "action_flag": 1, "change_message": "[{\"added\": {}}]"}}, {"model": "admin.logentry", "pk": 30, "fields": {"action_time": "2019-11-20T16:02:41.101Z", "user": 1, "content_type": 6, "object_id": "B170149CS", "object_repr": "Midhun Martin", "action_flag": 1, "change_message": "[{\"added\": {}}]"}}, {"model": "admin.logentry", "pk": 31, "fields": {"action_time": "2019-11-20T16:02:58.214Z", "user": 1, "content_type": 1, "object_id": "11", "object_repr": "abin", "action_flag": 1, "change_message": "[{\"added\": {}}]"}}, {"model": "admin.logentry", "pk": 32, "fields": {"action_time": "2019-11-20T16:03:54.501Z", "user": 1, "content_type": 6, "object_id": "B170217CS", "object_repr": "Abin K Paul", "action_flag": 1, "change_message": "[{\"added\": {}}]"}}, {"model": "admin.logentry", "pk": 33, "fields": {"action_time": "2019-11-20T16:04:36.250Z", "user": 1, "content_type": 6, "object_id": "B170388CS", "object_repr": "Tarun Verma", "action_flag": 2, "change_message": "[{\"changed\": {\"fields\": [\"class_id\"]}}]"}}, {"model": "admin.logentry", "pk": 34, "fields": {"action_time": "2019-11-20T16:04:45.283Z", "user": 1, "content_type": 6, "object_id": "B170158CS", "object_repr": "Athul Krishna K P", "action_flag": 2, "change_message": "[{\"changed\": {\"fields\": [\"class_id\"]}}]"}}, {"model": "admin.logentry", "pk": 35, "fields": {"action_time": "2019-11-20T16:05:05.075Z", "user": 1, "content_type": 6, "object_id": "B170149CS", "object_repr": "Midhun Martin", "action_flag": 2, "change_message": "[{\"changed\": {\"fields\": [\"class_id\"]}}]"}}, {"model": "admin.logentry", "pk": 36, "fields": {"action_time": "2019-11-20T16:05:27.828Z", "user": 1, "content_type": 1, "object_id": "12", "object_repr": "shuhaib", "action_flag": 1, "change_message": "[{\"added\": {}}]"}}, {"model": "admin.logentry", "pk": 37, "fields": {"action_time": "2019-11-20T16:05:58.666Z", "user": 1, "content_type": 6, "object_id": "B180150CS", "object_repr": "Shuhaib K S", "action_flag": 1, "change_message": "[{\"added\": {}}]"}}, {"model": "admin.logentry", "pk": 38, "fields": {"action_time": "2019-11-20T16:06:54.881Z", "user": 1, "content_type": 1, "object_id": "13", "object_repr": "arjun", "action_flag": 1, "change_message": "[{\"added\": {}}]"}}, {"model": "admin.logentry", "pk": 39, "fields": {"action_time": "2019-11-20T16:07:27.443Z", "user": 1, "content_type": 6, "object_id": "B170128EC", "object_repr": "Arjun S", "action_flag": 1, "change_message": "[{\"added\": {}}]"}}, {"model": "admin.logentry", "pk": 40, "fields": {"action_time": "2019-11-20T16:07:40.498Z", "user": 1, "content_type": 6, "object_id": "B170388CS", "object_repr": "Tarun Verma", "action_flag": 2, "change_message": "[{\"changed\": {\"fields\": [\"class_id\"]}}]"}}, {"model": "admin.logentry", "pk": 41, "fields": {"action_time": "2019-11-20T16:11:34.855Z", "user": 1, "content_type": 2, "object_id": "1", "object_repr": "K Abdul Nazeer : DBMS : Computer Science and Engineering : 5 A", "action_flag": 1, "change_message": "[{\"added\": {}}, {\"added\": {\"name\": \"assign time\", \"object\": \"AssignTime object (1)\"}}, {\"added\": {\"name\": \"assign time\", \"object\": \"AssignTime object (2)\"}}]"}}, {"model": "admin.logentry", "pk": 42, "fields": {"action_time": "2019-11-20T16:12:23.681Z", "user": 1, "content_type": 2, "object_id": "2", "object_repr": "K Abdul Nazeer : DBMS : Computer Science and Engineering : 5 B", "action_flag": 1, "change_message": "[{\"added\": {}}, {\"added\": {\"name\": \"assign time\", \"object\": \"AssignTime object (3)\"}}, {\"added\": {\"name\": \"assign time\", \"object\": \"AssignTime object (4)\"}}]"}}, {"model": "admin.logentry", "pk": 43, "fields": {"action_time": "2019-11-20T16:13:42.578Z", "user": 1, "content_type": 2, "object_id": "3", "object_repr": "Gopakumar G : DBMS : Computer Science and Engineering : 5 A", "action_flag": 1, "change_message": "[{\"added\": {}}, {\"added\": {\"name\": \"assign time\", \"object\": \"AssignTime object (5)\"}}, {\"added\": {\"name\": \"assign time\", \"object\": \"AssignTime object (6)\"}}]"}}, {"model": "admin.logentry", "pk": 44, "fields": {"action_time": "2019-11-20T16:14:42.940Z", "user": 1, "content_type": 2, "object_id": "4", "object_repr": "Gopakumar G : DBMS : Computer Science and Engineering : 5 B", "action_flag": 1, "change_message": "[{\"added\": {}}, {\"added\": {\"name\": \"assign time\", \"object\": \"AssignTime object (7)\"}}, {\"added\": {\"name\": \"assign time\", \"object\": \"AssignTime object (8)\"}}]"}}, {"model": "admin.logentry", "pk": 45, "fields": {"action_time": "2019-11-20T16:16:37.960Z", "user": 1, "content_type": 2, "object_id": "5", "object_repr": "Saidalavi Kalady : OS : Computer Science and Engineering : 5 A", "action_flag": 1, "change_message": "[{\"added\": {}}, {\"added\": {\"name\": \"assign time\", \"object\": \"AssignTime object (9)\"}}, {\"added\": {\"name\": \"assign time\", \"object\": \"AssignTime object (10)\"}}, {\"added\": {\"name\": \"assign time\", \"object\": \"AssignTime object (11)\"}}, {\"added\": {\"name\": \"assign time\", \"object\": \"AssignTime object (12)\"}}]"}}, {"model": "admin.logentry", "pk": 46, "fields": {"action_time": "2019-11-20T16:19:16.004Z", "user": 1, "content_type": 2, "object_id": "6", "object_repr": "Saidalavi Kalady : OS : Computer Science and Engineering : 5 B", "action_flag": 1, "change_message": "[{\"added\": {}}, {\"added\": {\"name\": \"assign time\", \"object\": \"AssignTime object (13)\"}}, {\"added\": {\"name\": \"assign time\", \"object\": \"AssignTime object (14)\"}}, {\"added\": {\"name\": \"assign time\", \"object\": \"AssignTime object (15)\"}}, {\"added\": {\"name\": \"assign time\", \"object\": \"AssignTime object (16)\"}}]"}}, {"model": "admin.logentry", "pk": 47, "fields": {"action_time": "2019-11-20T16:21:13.737Z", "user": 1, "content_type": 2, "object_id": "7", "object_repr": "Sudeep K S : TOC : Computer Science and Engineering : 5 A", "action_flag": 1, "change_message": "[{\"added\": {}}, {\"added\": {\"name\": \"assign time\", \"object\": \"AssignTime object (17)\"}}, {\"added\": {\"name\": \"assign time\", \"object\": \"AssignTime object (18)\"}}, {\"added\": {\"name\": \"assign time\", \"object\": \"AssignTime object (19)\"}}]"}}, {"model": "admin.logentry", "pk": 48, "fields": {"action_time": "2019-11-20T16:22:40.988Z", "user": 1, "content_type": 2, "object_id": "8", "object_repr": "Sudeep K S : TOC : Computer Science and Engineering : 5 B", "action_flag": 1, "change_message": "[{\"added\": {}}, {\"added\": {\"name\": \"assign time\", \"object\": \"AssignTime object (20)\"}}, {\"added\": {\"name\": \"assign time\", \"object\": \"AssignTime object (21)\"}}, {\"added\": {\"name\": \"assign time\", \"object\": \"AssignTime object (22)\"}}]"}}, {"model": "admin.logentry", "pk": 49, "fields": {"action_time": "2019-11-20T16:23:45.144Z", "user": 1, "content_type": 2, "object_id": "9", "object_repr": "Jyothsna : SS : Electronics and Communication Engineering : 5 G", "action_flag": 1, "change_message": "[{\"added\": {}}, {\"added\": {\"name\": \"assign time\", \"object\": \"AssignTime object (23)\"}}, {\"added\": {\"name\": \"assign time\", \"object\": \"AssignTime object (24)\"}}, {\"added\": {\"name\": \"assign time\", \"object\": \"AssignTime object (25)\"}}]"}}, {"model": "admin.logentry", "pk": 50, "fields": {"action_time": "2019-11-20T16:25:04.496Z", "user": 1, "content_type": 2, "object_id": "10", "object_repr": "K Abdul Nazeer : BI : Computer Science and Engineering : 3 A", "action_flag": 1, "change_message": "[{\"added\": {}}, {\"added\": {\"name\": \"assign time\", \"object\": \"AssignTime object (26)\"}}, {\"added\": {\"name\": \"assign time\", \"object\": \"AssignTime object (27)\"}}, {\"added\": {\"name\": \"assign time\", \"object\": \"AssignTime object (28)\"}}]"}}, {"model": "admin.logentry", "pk": 51, "fields": {"action_time": "2019-11-20T16:32:46.632Z", "user": 1, "content_type": 2, "object_id": "3", "object_repr": "Gopakumar G : DBMS : Computer Science and Engineering : 5 A", "action_flag": 3, "change_message": ""}}, {"model": "admin.logentry", "pk": 52, "fields": {"action_time": "2019-11-20T16:33:02.497Z", "user": 1, "content_type": 2, "object_id": "2", "object_repr": "K Abdul Nazeer : DBMS : Computer Science and Engineering : 5 B", "action_flag": 3, "change_message": ""}}, {"model": "admin.logentry", "pk": 53, "fields": {"action_time": "2019-11-20T16:34:05.472Z", "user": 1, "content_type": 2, "object_id": "1", "object_repr": "K Abdul Nazeer : DBMS : Computer Science and Engineering : 5 A", "action_flag": 2, "change_message": "[{\"added\": {\"name\": \"assign time\", \"object\": \"AssignTime object (29)\"}}, {\"added\": {\"name\": \"assign time\", \"object\": \"AssignTime object (30)\"}}]"}}, {"model": "admin.logentry", "pk": 54, "fields": {"action_time": "2019-11-20T16:34:51.636Z", "user": 1, "content_type": 2, "object_id": "4", "object_repr": "Gopakumar G : DBMS : Computer Science and Engineering : 5 B", "action_flag": 2, "change_message": "[{\"added\": {\"name\": \"assign time\", \"object\": \"AssignTime object (31)\"}}, {\"added\": {\"name\": \"assign time\", \"object\": \"AssignTime object (32)\"}}]"}}, {"model": "admin.logentry", "pk": 55, "fields": {"action_time": "2019-11-20T16:40:56.021Z", "user": 1, "content_type": 2, "object_id": "1", "object_repr": "K Abdul Nazeer : DBMS : Computer Science and Engineering : 5 A", "action_flag": 3, "change_message": ""}}, {"model": "admin.logentry", "pk": 56, "fields": {"action_time": "2019-11-20T16:41:12.517Z", "user": 1, "content_type": 2, "object_id": "4", "object_repr": "Gopakumar G : DBMS : Computer Science and Engineering : 5 B", "action_flag": 3, "change_message": ""}}, {"model": "admin.logentry", "pk": 57, "fields": {"action_time": "2019-11-20T16:42:38.400Z", "user": 1, "content_type": 2, "object_id": "11", "object_repr": "K Abdul Nazeer : DBMS : Computer Science and Engineering : 5 A", "action_flag": 1, "change_message": "[{\"added\": {}}, {\"added\": {\"name\": \"assign time\", \"object\": \"AssignTime object (33)\"}}, {\"added\": {\"name\": \"assign time\", \"object\": \"AssignTime object (34)\"}}, {\"added\": {\"name\": \"assign time\", \"object\": \"AssignTime object (35)\"}}, {\"added\": {\"name\": \"assign time\", \"object\": \"AssignTime object (36)\"}}]"}}, {"model": "admin.logentry", "pk": 58, "fields": {"action_time": "2019-11-20T16:43:31.049Z", "user": 1, "content_type": 2, "object_id": "11", "object_repr": "K Abdul Nazeer : DBMS : Computer Science and Engineering : 5 A", "action_flag": 3, "change_message": ""}}, {"model": "admin.logentry", "pk": 59, "fields": {"action_time": "2019-11-20T16:45:48.453Z", "user": 1, "content_type": 2, "object_id": "12", "object_repr": "K Abdul Nazeer : DBMS : Computer Science and Engineering : 5 A", "action_flag": 1, "change_message": "[{\"added\": {}}, {\"added\": {\"name\": \"assign time\", \"object\": \"AssignTime object (37)\"}}, {\"added\": {\"name\": \"assign time\", \"object\": \"AssignTime object (38)\"}}, {\"added\": {\"name\": \"assign time\", \"object\": \"AssignTime object (39)\"}}]"}}, {"model": "admin.logentry", "pk": 60, "fields": {"action_time": "2019-11-20T16:46:24.930Z", "user": 1, "content_type": 2, "object_id": "13", "object_repr": "Gopakumar G : DBMS : Computer Science and Engineering : 5 B", "action_flag": 1, "change_message": "[{\"added\": {}}, {\"added\": {\"name\": \"assign time\", \"object\": \"AssignTime object (40)\"}}, {\"added\": {\"name\": \"assign time\", \"object\": \"AssignTime object (41)\"}}, {\"added\": {\"name\": \"assign time\", \"object\": \"AssignTime object (42)\"}}]"}}, {"model": "admin.logentry", "pk": 61, "fields": {"action_time": "2019-11-20T16:47:28.765Z", "user": 1, "content_type": 2, "object_id": "12", "object_repr": "K Abdul Nazeer : DBMS : Computer Science and Engineering : 5 A", "action_flag": 2, "change_message": "[{\"changed\": {\"name\": \"assign time\", \"object\": \"AssignTime object (39)\", \"fields\": [\"day\"]}}]"}}, {"model": "admin.logentry", "pk": 62, "fields": {"action_time": "2019-11-20T16:47:41.365Z", "user": 1, "content_type": 2, "object_id": "13", "object_repr": "Gopakumar G : DBMS : Computer Science and Engineering : 5 B", "action_flag": 2, "change_message": "[{\"changed\": {\"name\": \"assign time\", \"object\": \"AssignTime object (42)\", \"fields\": [\"day\"]}}]"}}, {"model": "admin.logentry", "pk": 63, "fields": {"action_time": "2019-11-20T16:52:05.176Z", "user": 1, "content_type": 4, "object_id": "CS4040D", "object_repr": "Bioinformatics", "action_flag": 2, "change_message": "[{\"changed\": {\"fields\": [\"shortname\"]}}]"}}]